작성일,평점,리뷰번역,연도,월,문장_번호,aspect,predicate,대분류,소분류,감성
1달 전,별표 5개,도시의 역사적이고 전통적인 가옥들은 볼거리입니다!,2026,1.0,1,가옥,역사적이다,2. 시각적 요소,볼거리 및 경관,긍정
1달 전,별표 5개,도시의 역사적이고 전통적인 가옥들은 볼거리입니다!,2026,1.0,1,가옥,전통적이다,2. 시각적 요소,볼거리 및 경관,긍정
1달 전,별표 5개,남산타워를 배경으로 가옥들을 사진에 담을 수 있는 멋진 사진 명소이기도 합니다.,2026,1.0,2,사진 명소,멋지다,2. 시각적 요소,볼거리 및 경관,긍정
1달 전,별표 5개,이 지역에는 작은 상점들도 많습니다.,2026,1.0,3,상점,작다,4. 활동 및 서비스,체험 콘텐츠,중립
1달 전,별표 5개,이 지역에는 작은 상점들도 많습니다.,2026,1.0,3,상점,많다,4. 활동 및 서비스,체험 콘텐츠,중립
1달 전,별표 5개,이 가옥들은 개인 주택이기 때문에 일부 구역은 출입이 금지되어 있습니다.,2026,1.0,4,출입,금지되다,5. 이용 편의성,접근 및 물리적 여건,중립
1달 전,별표 5개,"이곳은 오후 5시까지 관광객에게 개방되는 주거 지역이므로, 거리를 거닐며 구경할 시간을 가지려면 최소한 오후 3시 30분까지는 도착하는 것이 좋습니다.",2026,1.0,1,이곳,개방되다,5. 이용 편의성,접근 및 물리적 여건,중립
1달 전,별표 5개,"이곳은 오후 5시까지 관광객에게 개방되는 주거 지역이므로, 거리를 거닐며 구경할 시간을 가지려면 최소한 오후 3시 30분까지는 도착하는 것이 좋습니다.",2026,1.0,1,도착,좋다,5. 이용 편의성,접근 및 물리적 여건,중립
1달 전,별표 5개,일본 교토와 정말 비슷해요.,2026,1.0,1,교토,비슷하다,2. 시각적 요소,볼거리 및 경관,중립
1달 전,별표 5개,삶의 속도가 아주 느긋하답니다!,2026,1.0,2,속도,느긋하다,1. 전반적 인식,종합 만족도,긍정
1달 전,별표 5개,주변 주민들에게 피해를 주지 않도록 조용히 해 주세요.,2026,1.0,3,주민,조용하다,3. 시설 및 환경,공간 관리 상태,중립
1달 전,별표 5개,꼭 한번 방문해 볼 만한 곳이에요!,2026,1.0,4,곳,방문하다,1. 전반적 인식,종합 만족도,긍정
1달 전,별표 5개,집이 참 좋아요!,2026,1.0,1,집,좋다,2. 시각적 요소,볼거리 및 경관,긍정
1달 전,별표 5개,서울의 전통을 느끼며 산책하기에 아름다운 곳입니다.,2026,1.0,1,곳,아름답다,2. 시각적 요소,볼거리 및 경관,긍정
1달 전,별표 5개,"한옥과 좁은 골목길, 그리고 탁 트인 도시 전망은 마치 시간 여행을 떠난 듯한 느낌을 주는데, 특히 이른 아침의 고요함은 더욱 특별합니다.",2026,1.0,2,골목길,좁다,2. 시각적 요소,볼거리 및 경관,긍정
1달 전,별표 5개,"한옥과 좁은 골목길, 그리고 탁 트인 도시 전망은 마치 시간 여행을 떠난 듯한 느낌을 주는데, 특히 이른 아침의 고요함은 더욱 특별합니다.",2026,1.0,2,도시 전망,탁 트이다,2. 시각적 요소,볼거리 및 경관,긍정
1달 전,별표 5개,"한옥과 좁은 골목길, 그리고 탁 트인 도시 전망은 마치 시간 여행을 떠난 듯한 느낌을 주는데, 특히 이른 아침의 고요함은 더욱 특별합니다.",2026,1.0,2,고요함,특별하다,2. 시각적 요소,볼거리 및 경관,긍정
1달 전,별표 5개,"낮에는 다소 붐빌 수 있지만, 평일이나 정오 전에 방문하면 매우 한적하고 사진 찍기에도 좋습니다.",2026,1.0,3,낮,붐비다,5. 이용 편의성,접근 및 물리적 여건,부정
1달 전,별표 5개,"낮에는 다소 붐빌 수 있지만, 평일이나 정오 전에 방문하면 매우 한적하고 사진 찍기에도 좋습니다.",2026,1.0,3,방문,한적하다,5. 이용 편의성,접근 및 물리적 여건,긍정
1달 전,별표 5개,"낮에는 다소 붐빌 수 있지만, 평일이나 정오 전에 방문하면 매우 한적하고 사진 찍기에도 좋습니다.",2026,1.0,3,사진,좋다,2. 시각적 요소,볼거리 및 경관,긍정
1달 전,별표 5개,"길을 따라 작은 카페, 갤러리, 숨겨진 전망대들이 있어 천천히 둘러보는 재미가 쏠쏠합니다.",2026,1.0,4,카페,작다,4. 활동 및 서비스,체험 콘텐츠,긍정
1달 전,별표 5개,"길을 따라 작은 카페, 갤러리, 숨겨진 전망대들이 있어 천천히 둘러보는 재미가 쏠쏠합니다.",2026,1.0,4,전망대,숨겨지다,2. 시각적 요소,볼거리 및 경관,긍정
1달 전,별표 5개,"길을 따라 작은 카페, 갤러리, 숨겨진 전망대들이 있어 천천히 둘러보는 재미가 쏠쏠합니다.",2026,1.0,4,재미,쏠쏠하다,4. 활동 및 서비스,체험 콘텐츠,긍정
1달 전,별표 5개,"다만, 이곳에는 실제로 사람들이 살고 있으니 예의를 지키고 소음을 줄여주세요.",2026,1.0,5,소음,줄이다,3. 시설 및 환경,공간 관리 상태,중립
1달 전,별표 5개,"역사, 문화, 그리고 멋진 전망을 한 번에 즐기고 싶다면 꼭 방문해야 할 곳입니다.",2026,1.0,6,전망,멋지다,2. 시각적 요소,볼거리 및 경관,긍정
1달 전,별표 5개,"역사, 문화, 그리고 멋진 전망을 한 번에 즐기고 싶다면 꼭 방문해야 할 곳입니다.",2026,1.0,6,곳,방문하다,1. 전반적 인식,종합 만족도,긍정
1달 전,별표 5개,조용하고 매력적인 곳입니다.,2026,1.0,1,곳,조용하다,1. 전반적 인식,종합 만족도,긍정
1달 전,별표 5개,조용하고 매력적인 곳입니다.,2026,1.0,1,곳,매력적이다,1. 전반적 인식,종합 만족도,긍정
1달 전,별표 5개,경복궁 근처에 있다면 경복궁 관람 후 꼭 방문해 보세요.,2026,1.0,2,경복궁,방문하다,5. 이용 편의성,접근 및 물리적 여건,긍정
1달 전,별표 5개,특히 한복 사진 찍기에 정말 좋은 곳이에요!,2026,1.0,1,곳,좋다,2. 시각적 요소,볼거리 및 경관,긍정
1달 전,별표 5개,오후 5시에 문을 닫으니 그 전에 방문하세요.,2026,1.0,2,문,닫다,5. 이용 편의성,접근 및 물리적 여건,중립
1달 전,별표 5개,오후 5시에 문을 닫으니 그 전에 방문하세요.,2026,1.0,2,방문,방문하다,5. 이용 편의성,접근 및 물리적 여건,중립
1달 전,별표 5개,그곳은 정말 훌륭하고 깨끗하고 멋졌어요.,2026,1.0,1,그곳,훌륭하다,1. 전반적 인식,종합 만족도,긍정
1달 전,별표 5개,그곳은 정말 훌륭하고 깨끗하고 멋졌어요.,2026,1.0,1,그곳,깨끗하다,3. 시설 및 환경,공간 관리 상태,긍정
1달 전,별표 5개,그곳은 정말 훌륭하고 깨끗하고 멋졌어요.,2026,1.0,1,그곳,멋졌어요,2. 시각적 요소,볼거리 및 경관,긍정
1달 전,별표 5개,이곳은 한국 문화와 도시의 분위기를 느낄 수 있는 아름다운 사진 명소입니다.,2026,1.0,1,사진 명소,아름답다,2. 시각적 요소,볼거리 및 경관,긍정
1달 전,별표 4개,경복궁과 창덕궁 사이에 위치한 북촌 한옥마을은 서울에서 가장 대표적인 전통 한옥 마을입니다.,2026,1.0,1,북촌 한옥마을,대표적이다,1. 전반적 인식,종합 만족도,중립
1달 전,별표 4개,경복궁과 창덕궁 사이에 위치한 북촌 한옥마을은 서울에서 가장 대표적인 전통 한옥 마을입니다.,2026,1.0,1,북촌 한옥마을,전통적이다,1. 전반적 인식,종합 만족도,중립
1달 전,별표 4개,"푸른 기와지붕과 흰 담장, 목조 골조가 조화롭게 어우러진 고택들이 정갈하게 늘어서 있고, 좁은 돌길 골목에는 고풍스러운 분위기가 가득해 어느 곳 하나 사진 찍기 좋은 명소입니다.",2026,1.0,2,기와지붕,푸르다,2. 시각적 요소,볼거리 및 경관,긍정
1달 전,별표 4개,"푸른 기와지붕과 흰 담장, 목조 골조가 조화롭게 어우러진 고택들이 정갈하게 늘어서 있고, 좁은 돌길 골목에는 고풍스러운 분위기가 가득해 어느 곳 하나 사진 찍기 좋은 명소입니다.",2026,1.0,2,담장,희다,2. 시각적 요소,볼거리 및 경관,긍정
1달 전,별표 4개,"푸른 기와지붕과 흰 담장, 목조 골조가 조화롭게 어우러진 고택들이 정갈하게 늘어서 있고, 좁은 돌길 골목에는 고풍스러운 분위기가 가득해 어느 곳 하나 사진 찍기 좋은 명소입니다.",2026,1.0,2,고택,조화롭다,2. 시각적 요소,볼거리 및 경관,긍정
1달 전,별표 4개,"푸른 기와지붕과 흰 담장, 목조 골조가 조화롭게 어우러진 고택들이 정갈하게 늘어서 있고, 좁은 돌길 골목에는 고풍스러운 분위기가 가득해 어느 곳 하나 사진 찍기 좋은 명소입니다.",2026,1.0,2,고택,정갈하다,3. 시설 및 환경,공간 관리 상태,긍정
1달 전,별표 4개,"푸른 기와지붕과 흰 담장, 목조 골조가 조화롭게 어우러진 고택들이 정갈하게 늘어서 있고, 좁은 돌길 골목에는 고풍스러운 분위기가 가득해 어느 곳 하나 사진 찍기 좋은 명소입니다.",2026,1.0,2,고택,늘어서다,2. 시각적 요소,볼거리 및 경관,긍정
1달 전,별표 4개,"푸른 기와지붕과 흰 담장, 목조 골조가 조화롭게 어우러진 고택들이 정갈하게 늘어서 있고, 좁은 돌길 골목에는 고풍스러운 분위기가 가득해 어느 곳 하나 사진 찍기 좋은 명소입니다.",2026,1.0,2,골목,좁다,2. 시각적 요소,볼거리 및 경관,긍정
1달 전,별표 4개,"푸른 기와지붕과 흰 담장, 목조 골조가 조화롭게 어우러진 고택들이 정갈하게 늘어서 있고, 좁은 돌길 골목에는 고풍스러운 분위기가 가득해 어느 곳 하나 사진 찍기 좋은 명소입니다.",2026,1.0,2,분위기,고풍스럽다,2. 시각적 요소,볼거리 및 경관,긍정
1달 전,별표 4개,"푸른 기와지붕과 흰 담장, 목조 골조가 조화롭게 어우러진 고택들이 정갈하게 늘어서 있고, 좁은 돌길 골목에는 고풍스러운 분위기가 가득해 어느 곳 하나 사진 찍기 좋은 명소입니다.",2026,1.0,2,분위기,가득하다,2. 시각적 요소,볼거리 및 경관,긍정
1달 전,별표 4개,"푸른 기와지붕과 흰 담장, 목조 골조가 조화롭게 어우러진 고택들이 정갈하게 늘어서 있고, 좁은 돌길 골목에는 고풍스러운 분위기가 가득해 어느 곳 하나 사진 찍기 좋은 명소입니다.",2026,1.0,2,명소,좋다,2. 시각적 요소,볼거리 및 경관,긍정
1달 전,별표 4개,"한복을 입어보고 조선 시대의 정취를 느껴볼 수 있는 최적의 장소이지만, 주거 지역이므로 방문 시 정숙을 유지해 주시기 바랍니다.",2026,1.0,3,장소,최적이다,4. 활동 및 서비스,체험 콘텐츠,긍정
1달 전,별표 4개,"한복을 입어보고 조선 시대의 정취를 느껴볼 수 있는 최적의 장소이지만, 주거 지역이므로 방문 시 정숙을 유지해 주시기 바랍니다.",2026,1.0,3,정숙,유지하다,3. 시설 및 환경,공간 관리 상태,중립
1달 전,별표 4개,마을 곳곳에 경사로가 있으니 편안한 신발을 착용하는 것이 좋습니다.,2026,1.0,4,신발,편안하다,5. 이용 편의성,접근 및 물리적 여건,중립
1달 전,별표 4개,마을 곳곳에 경사로가 있으니 편안한 신발을 착용하는 것이 좋습니다.,2026,1.0,4,착용,좋다,5. 이용 편의성,접근 및 물리적 여건,중립
1달 전,별표 4개,평일에 방문하면 인파를 피해 한적하게 마을을 둘러볼 수 있습니다.,2026,1.0,5,마을,한적하다,5. 이용 편의성,접근 및 물리적 여건,긍정
1달 전,별표 4개,마을을 거닐다 보면 벽돌 하나하나에서 배어 나오는 역사의 무게감과 고풍스러움과 현대가 어우러진 독특한 매력에 푹 빠지게 됩니다.,2026,1.0,6,매력,독특하다,1. 전반적 인식,종합 만족도,긍정
1달 전,별표 4개,"소요 시간은 약 1~2시간이며, 화창한 가을날에 방문하면 더욱 즐거운 시간을 보낼 수 있습니다.",2026,1.0,7,가을날,화창하다,2. 시각적 요소,볼거리 및 경관,긍정
1달 전,별표 4개,"소요 시간은 약 1~2시간이며, 화창한 가을날에 방문하면 더욱 즐거운 시간을 보낼 수 있습니다.",2026,1.0,7,시간,즐겁다,5. 이용 편의성,접근 및 물리적 여건,중립
1달 전,별표 5개,20260111.,2026,1.0,1,,,,,중립
1달 전,별표 5개,북촌 한옥마을은 서울에서 꼭 방문해야 할 숨겨진 보석 같은 곳입니다.,2026,1.0,1,북촌 한옥마을,방문하다,1. 전반적 인식,종합 만족도,긍정
1달 전,별표 5개,전통 한옥들이 늘어선 매력적인 거리를 걷다 보면 마치 시간 여행을 떠난 듯한 기분을 느낄 수 있습니다.,2026,1.0,2,거리,매력적이다,2. 시각적 요소,볼거리 및 경관,긍정
1달 전,별표 5개,전통 한옥들이 늘어선 매력적인 거리를 걷다 보면 마치 시간 여행을 떠난 듯한 기분을 느낄 수 있습니다.,2026,1.0,2,기분,느끼다,1. 전반적 인식,종합 만족도,긍정
1달 전,별표 5개,아름답게 보존된 건축물들은 곳곳에서 사진 촬영 명소를 선사합니다.,2026,1.0,3,건축물,아름답다,3. 시설 및 환경,공간 관리 상태,긍정
1달 전,별표 5개,아름답게 보존된 건축물들은 곳곳에서 사진 촬영 명소를 선사합니다.,2026,1.0,3,건축물,보존되다,2. 시각적 요소,볼거리 및 경관,긍정
1달 전,별표 5개,아름답게 보존된 건축물들은 곳곳에서 사진 촬영 명소를 선사합니다.,2026,1.0,3,명소,선사하다,2. 시각적 요소,볼거리 및 경관,긍정
1달 전,별표 5개,도심 한복판에 위치해 있음에도 불구하고 평화롭고 진정한 분위기를 느낄 수 있다는 점이 더욱 특별한 경험을 선사합니다.,2026,1.0,4,분위기,평화롭다,1. 전반적 인식,종합 만족도,긍정
1달 전,별표 5개,도심 한복판에 위치해 있음에도 불구하고 평화롭고 진정한 분위기를 느낄 수 있다는 점이 더욱 특별한 경험을 선사합니다.,2026,1.0,4,분위기,진정하다,1. 전반적 인식,종합 만족도,긍정
1달 전,별표 5개,도심 한복판에 위치해 있음에도 불구하고 평화롭고 진정한 분위기를 느낄 수 있다는 점이 더욱 특별한 경험을 선사합니다.,2026,1.0,4,경험,특별하다,1. 전반적 인식,종합 만족도,긍정
1달 전,별표 5개,"친절한 현지인들과 때때로 열리는 문화 전시회는 더욱 풍성한 볼거리를 제공하며, 한국의 역사와 전통을 생생하게 체험할 수 있도록 해줍니다.",2026,1.0,5,현지인,친절하다,4. 활동 및 서비스,체험 콘텐츠,긍정
1달 전,별표 5개,"친절한 현지인들과 때때로 열리는 문화 전시회는 더욱 풍성한 볼거리를 제공하며, 한국의 역사와 전통을 생생하게 체험할 수 있도록 해줍니다.",2026,1.0,5,볼거리,풍성하다,2. 시각적 요소,볼거리 및 경관,긍정
1달 전,별표 5개,"친절한 현지인들과 때때로 열리는 문화 전시회는 더욱 풍성한 볼거리를 제공하며, 한국의 역사와 전통을 생생하게 체험할 수 있도록 해줍니다.",2026,1.0,5,역사,체험하다,4. 활동 및 서비스,체험 콘텐츠,긍정
1달 전,별표 5개,"친절한 현지인들과 때때로 열리는 문화 전시회는 더욱 풍성한 볼거리를 제공하며, 한국의 역사와 전통을 생생하게 체험할 수 있도록 해줍니다.",2026,1.0,5,전통,체험하다,4. 활동 및 서비스,체험 콘텐츠,긍정
1달 전,별표 5개,"좁은 골목길을 거닐다 보면 길을 잃기 쉬운데, 그때마다 새로운 발견의 즐거움을 느낄 수 있습니다.",2026,1.0,6,골목길,좁다,2. 시각적 요소,볼거리 및 경관,긍정
1달 전,별표 5개,"좁은 골목길을 거닐다 보면 길을 잃기 쉬운데, 그때마다 새로운 발견의 즐거움을 느낄 수 있습니다.",2026,1.0,6,즐거움,느끼다,1. 전반적 인식,종합 만족도,긍정
1달 전,별표 5개,"북촌 한옥마을은 역사 애호가, 문화 마니아, 사진작가 모두에게 완벽한 곳입니다.",2026,1.0,7,북촌 한옥마을,완벽하다,1. 전반적 인식,종합 만족도,긍정
1달 전,별표 5개,"전통 한국 생활을 엿볼 수 있는 잊지 못할 경험을 선사할 것이니, 강력 추천합니다!",2026,1.0,8,경험,잊지 못하다,1. 전반적 인식,종합 만족도,긍정
1달 전,별표 5개,이 집은 사진 찍기에 좋아요,2026,1.0,1,집,좋다,2. 시각적 요소,볼거리 및 경관,긍정
1달 전,별표 4개,안국역이 가장 가깝습니다.,2026,1.0,1,안국역,가깝다,5. 이용 편의성,접근 및 물리적 여건,중립
1달 전,별표 4개,자주 한국 드라마에서 보는 경치를 볼 수 있었다!,2026,1.0,2,경치,보다,2. 시각적 요소,볼거리 및 경관,긍정
1달 전,별표 4개,주변에는 빵집이나 카페가 많았습니다.,2026,1.0,3,빵집,많다,4. 활동 및 서비스,체험 콘텐츠,중립
1달 전,별표 4개,주변에는 빵집이나 카페가 많았습니다.,2026,1.0,3,카페,많다,4. 활동 및 서비스,체험 콘텐츠,중립
1달 전,별표 5개,"멋진 장소, 좋은 전망인데 사람이 너무 많았어요.",2026,1.0,1,장소,멋지다,1. 전반적 인식,종합 만족도,긍정
1달 전,별표 5개,"멋진 장소, 좋은 전망인데 사람이 너무 많았어요.",2026,1.0,1,전망,좋다,2. 시각적 요소,볼거리 및 경관,긍정
1달 전,별표 5개,"멋진 장소, 좋은 전망인데 사람이 너무 많았어요.",2026,1.0,1,사람,많다,5. 이용 편의성,접근 및 물리적 여건,부정
1달 전,별표 5개,그래도 사진은 많이 찍었답니다!,2026,1.0,2,사진,찍다,2. 시각적 요소,볼거리 및 경관,긍정
1달 전,별표 5개,"전통적인 역사적인 가옥들이 있는 아름다운 마을로, 여전히 사람들이 살고 있으며 많은 방문객들이 찾습니다.",2026,1.0,1,가옥,있다,2. 시각적 요소,볼거리 및 경관,긍정
1달 전,별표 5개,"전통적인 역사적인 가옥들이 있는 아름다운 마을로, 여전히 사람들이 살고 있으며 많은 방문객들이 찾습니다.",2026,1.0,1,마을,아름답다,2. 시각적 요소,볼거리 및 경관,긍정
1달 전,별표 5개,"전통적인 역사적인 가옥들이 있는 아름다운 마을로, 여전히 사람들이 살고 있으며 많은 방문객들이 찾습니다.",2026,1.0,1,사람,살다,2. 시각적 요소,볼거리 및 경관,중립
1달 전,별표 5개,"전통적인 역사적인 가옥들이 있는 아름다운 마을로, 여전히 사람들이 살고 있으며 많은 방문객들이 찾습니다.",2026,1.0,1,방문객,찾다,5. 이용 편의성,접근 및 물리적 여건,중립
1달 전,별표 5개,그곳에 사는 모든 분들께 행운을 빌어요!,2026,1.0,2,,,,,긍정
1달 전,별표 5개,아름다운 풍경과 그림 같은 전망을 제공하는 매우 멋진 동네입니다.,2026,1.0,1,풍경,아름답다,2. 시각적 요소,볼거리 및 경관,긍정
1달 전,별표 5개,아름다운 풍경과 그림 같은 전망을 제공하는 매우 멋진 동네입니다.,2026,1.0,1,전망,제공하다,2. 시각적 요소,볼거리 및 경관,긍정
1달 전,별표 5개,아름다운 풍경과 그림 같은 전망을 제공하는 매우 멋진 동네입니다.,2026,1.0,1,동네,멋지다,1. 전반적 인식,종합 만족도,긍정
1달 전,별표 5개,"근처에 맛집과 부티크 상점들이 많으며, 도보 거리에 있는 두 궁전 중 한 곳과 함께 방문하면 더욱 좋습니다!",2026,1.0,2,맛집,많다,4. 활동 및 서비스,체험 콘텐츠,긍정
1달 전,별표 5개,"근처에 맛집과 부티크 상점들이 많으며, 도보 거리에 있는 두 궁전 중 한 곳과 함께 방문하면 더욱 좋습니다!",2026,1.0,2,상점,많다,4. 활동 및 서비스,체험 콘텐츠,긍정
1달 전,별표 5개,"근처에 맛집과 부티크 상점들이 많으며, 도보 거리에 있는 두 궁전 중 한 곳과 함께 방문하면 더욱 좋습니다!",2026,1.0,2,궁전,방문하다,2. 시각적 요소,볼거리 및 경관,긍정
1달 전,별표 5개,아기자기하고 예쁜 동네를 거닐며 구경하기 좋아요.,2026,1.0,1,동네,아기자기하다,2. 시각적 요소,볼거리 및 경관,긍정
1달 전,별표 5개,아기자기하고 예쁜 동네를 거닐며 구경하기 좋아요.,2026,1.0,1,동네,예쁘다,2. 시각적 요소,볼거리 및 경관,긍정
1달 전,별표 5개,아기자기하고 예쁜 동네를 거닐며 구경하기 좋아요.,2026,1.0,1,구경,좋다,4. 활동 및 서비스,체험 콘텐츠,긍정
1달 전,별표 5개,"고풍스러운 건축물과 다양한 공예품, 차, 기념품 가게들이 즐비하고, 주택가인 데다 '조용한 순찰대'가 있어 관광객들에게 조용히 해달라고 당부하기도 합니다.",2026,1.0,2,건축물,고풍스럽다,2. 시각적 요소,볼거리 및 경관,긍정
1달 전,별표 5개,"고풍스러운 건축물과 다양한 공예품, 차, 기념품 가게들이 즐비하고, 주택가인 데다 '조용한 순찰대'가 있어 관광객들에게 조용히 해달라고 당부하기도 합니다.",2026,1.0,2,공예품,다양하다,4. 활동 및 서비스,체험 콘텐츠,긍정
1달 전,별표 5개,"고풍스러운 건축물과 다양한 공예품, 차, 기념품 가게들이 즐비하고, 주택가인 데다 '조용한 순찰대'가 있어 관광객들에게 조용히 해달라고 당부하기도 합니다.",2026,1.0,2,가게,즐비하다,4. 활동 및 서비스,체험 콘텐츠,긍정
1달 전,별표 5개,1월의 추운 날씨에도 불구하고 정말 즐거운 시간을 보냈어요!,2026,1.0,3,날씨,춥다,5. 이용 편의성,접근 및 물리적 여건,부정
1달 전,별표 5개,1월의 추운 날씨에도 불구하고 정말 즐거운 시간을 보냈어요!,2026,1.0,3,시간,즐겁다,1. 전반적 인식,종합 만족도,긍정
1달 전,별표 5개,아름다운 곳,2026,1.0,1,곳,아름답다,2. 시각적 요소,볼거리 및 경관,긍정
1달 전,별표 5개,아주 좋은 곳이에요,2026,1.0,1,곳,좋다,1. 전반적 인식,종합 만족도,긍정
1달 전,별표 4개,좋았지만 아쉽게도 사람이 너무 많았어요.,2026,1.0,1,사람,많다,5. 이용 편의성,접근 및 물리적 여건,부정
1달 전,별표 4개,한국의 구식 거리를 볼 수 있는 지역입니다.,2026,1.0,1,거리,보다,2. 시각적 요소,볼거리 및 경관,중립
1달 전,별표 4개,"주거에는 현재도 살고 있는 분이 있기 때문에, 17시 이후는 입장 불가입니다.",2026,1.0,2,분,살다,5. 이용 편의성,접근 및 물리적 여건,중립
1달 전,별표 4개,가게 이외의 주거에의 출입도 금지입니다.,2026,1.0,3,,,,,중립
1달 전,별표 4개,언덕 위에서 옛 거리와 서울 빌딩군의 대비가 인상적이었습니다.,2026,1.0,4,대비,인상적이다,2. 시각적 요소,볼거리 및 경관,긍정
1달 전,별표 5개,정말 좋은 마을이네요.,2026,1.0,1,마을,좋다,1. 전반적 인식,종합 만족도,긍정
1달 전,별표 5개,입장권은 필요 없습니다.,2026,1.0,1,입장권,없다,5. 이용 편의성,접근 및 물리적 여건,중립
1달 전,별표 5개,이곳에는 주민들이 여전히 거주하는 잘 보존된 옛 한옥들이 있습니다.,2026,1.0,2,한옥,보존되다,2. 시각적 요소,볼거리 및 경관,긍정
1달 전,별표 5개,조용히 해주시길 부탁드립니다.,2026,1.0,3,,,,,중립
1달 전,별표 5개,"번화가에 위치한 북촌 한옥마을은 서울의 역사를 엿볼 수 있는 곳이며, 사진 촬영 명소도 많습니다.",2026,1.0,4,명소,많다,2. 시각적 요소,볼거리 및 경관,긍정
1달 전,별표 5개,옛 서울의 멋진 전망을 감상할 수 있습니다.,2026,1.0,1,전망,멋지다,2. 시각적 요소,볼거리 및 경관,긍정
1달 전,별표 5개,모든 관광객에게 추천합니다.,2026,1.0,2,,,,,긍정
1달 전,별표 5개,북촌 한옥마을은 전통 가옥과 한적한 거리들이 어우러져 정말 아름답고 매력적인 곳이었어요.,2026,1.0,1,한옥마을,아름답다,1. 전반적 인식,종합 만족도,긍정
1달 전,별표 5개,북촌 한옥마을은 전통 가옥과 한적한 거리들이 어우러져 정말 아름답고 매력적인 곳이었어요.,2026,1.0,1,한옥마을,매력적이다,1. 전반적 인식,종합 만족도,긍정
1달 전,별표 5개,북촌 한옥마을은 전통 가옥과 한적한 거리들이 어우러져 정말 아름답고 매력적인 곳이었어요.,2026,1.0,1,거리,한적하다,2. 시각적 요소,볼거리 및 경관,긍정
1달 전,별표 5개,"마을을 거닐다 보니 마치 엽서 속에 들어온 듯한 기분이었는데, 특히 아름다운 풍경과 고요한 분위기가 인상적이었어요.",2026,1.0,2,풍경,아름답다,2. 시각적 요소,볼거리 및 경관,긍정
1달 전,별표 5개,"마을을 거닐다 보니 마치 엽서 속에 들어온 듯한 기분이었는데, 특히 아름다운 풍경과 고요한 분위기가 인상적이었어요.",2026,1.0,2,분위기,고요하다,2. 시각적 요소,볼거리 및 경관,긍정
1달 전,별표 5개,"마을을 거닐다 보니 마치 엽서 속에 들어온 듯한 기분이었는데, 특히 아름다운 풍경과 고요한 분위기가 인상적이었어요.",2026,1.0,2,분위기,인상적이다,2. 시각적 요소,볼거리 및 경관,긍정
1달 전,별표 5개,"참고로, 사진 촬영 등이 가능한 시간(현재 기준)을 고려하면 오전 10시에 도착하는 것이 혼잡을 피하는 데 도움이 될 거예요.",2026,1.0,3,,,,,중립
1달 전,별표 5개,"2024년 11월 24일

한옥마을을 한복 차림으로 둘러보는 것은 한국에서 가장 기억에 남는 경험 중 하나입니다.",2026,1.0,1,경험,남다,1. 전반적 인식,종합 만족도,긍정
1달 전,별표 5개,미로처럼,2026,1.0,1,,,,,중립
1달 전,별표 4개,"아름다운 곳이고, 고풍스러운 분위기가 느껴져요.",2026,1.0,1,곳,아름답다,2. 시각적 요소,볼거리 및 경관,긍정
1달 전,별표 4개,"아름다운 곳이고, 고풍스러운 분위기가 느껴져요.",2026,1.0,1,분위기,고풍스럽다,2. 시각적 요소,볼거리 및 경관,긍정
1달 전,별표 4개,하지만 실제로 사람들이 살고 있는 곳이니 예의를 지켜야 해요.,2026,1.0,2,,,,,중립
1달 전,별표 5개,아름다운 곳이고 분위기도 평화롭지만 사람이 너무 많아요!,2026,1.0,1,곳,아름답다,2. 시각적 요소,볼거리 및 경관,긍정
1달 전,별표 5개,아름다운 곳이고 분위기도 평화롭지만 사람이 너무 많아요!,2026,1.0,1,분위기,평화롭다,1. 전반적 인식,종합 만족도,긍정
1달 전,별표 5개,아름다운 곳이고 분위기도 평화롭지만 사람이 너무 많아요!,2026,1.0,1,사람,많다,5. 이용 편의성,접근 및 물리적 여건,부정
1달 전,별표 5개,한국에서 꼭 방문해야 할 명소 중 하나인 은행나무는 은행 개화 시기에 특히 아름답습니다.,2026,1.0,1,은행나무,아름답다,2. 시각적 요소,볼거리 및 경관,긍정
1달 전,별표 5개,"주변에는 카페, 간식 가게, 레스토랑이 많아 산책하며 경치를 즐기기에 안성맞춤입니다.",2026,1.0,2,카페,많다,4. 활동 및 서비스,체험 콘텐츠,긍정
1달 전,별표 5개,"주변에는 카페, 간식 가게, 레스토랑이 많아 산책하며 경치를 즐기기에 안성맞춤입니다.",2026,1.0,2,가게,많다,4. 활동 및 서비스,체험 콘텐츠,긍정
1달 전,별표 5개,"주변에는 카페, 간식 가게, 레스토랑이 많아 산책하며 경치를 즐기기에 안성맞춤입니다.",2026,1.0,2,레스토랑,많다,4. 활동 및 서비스,체험 콘텐츠,긍정
1달 전,별표 5개,"주변에는 카페, 간식 가게, 레스토랑이 많아 산책하며 경치를 즐기기에 안성맞춤입니다.",2026,1.0,2,경치,안성맞춤이다,2. 시각적 요소,볼거리 및 경관,긍정
1달 전,별표 5개,매우 분위기가 좋았습니다.,2026,1.0,1,분위기,좋다,1. 전반적 인식,종합 만족도,긍정
1달 전,별표 5개,주민도 있으므로 아침은 10:00부터 저녁은 17:00까지 밖에 들어갈 수 없습니다.,2026,1.0,2,,,,,중립
1달 전,별표 4개,"정말 아름다운 거리인데, 아쉽게도 관광객이 너무 많아서 아름다운 곳을 제대로 즐길 수가 없어요.",2026,1.0,1,거리,아름답다,2. 시각적 요소,볼거리 및 경관,긍정
1달 전,별표 4개,"정말 아름다운 거리인데, 아쉽게도 관광객이 너무 많아서 아름다운 곳을 제대로 즐길 수가 없어요.",2026,1.0,1,관광객,많다,5. 이용 편의성,접근 및 물리적 여건,부정
1달 전,별표 4개,"정말 아름다운 거리인데, 아쉽게도 관광객이 너무 많아서 아름다운 곳을 제대로 즐길 수가 없어요.",2026,1.0,1,곳,아름답다,1. 전반적 인식,종합 만족도,부정
1달 전,별표 4개,사진을 찍다 보면 다른 사람들이 사진에 같이 나오게 되거든요.,2026,1.0,2,,,,,중립
1달 전,별표 5개,"관광객들이 많이 찾는 곳으로, 작은 가게들이 많고 집 안도 구경할 수 있습니다.",2026,1.0,1,가게,작다,4. 활동 및 서비스,체험 콘텐츠,중립
1달 전,별표 5개,"관광객들이 많이 찾는 곳으로, 작은 가게들이 많고 집 안도 구경할 수 있습니다.",2026,1.0,1,가게,많다,4. 활동 및 서비스,체험 콘텐츠,중립
1달 전,별표 5개,집 안 바닥이 난방되어 있어서 영하 10도였던 12월에 방문하기에 아주 좋았습니다.,2026,1.0,2,바닥,난방되다,3. 시설 및 환경,공간 관리 상태,긍정
1달 전,별표 5개,집 안 바닥이 난방되어 있어서 영하 10도였던 12월에 방문하기에 아주 좋았습니다.,2026,1.0,2,방문,좋다,1. 전반적 인식,종합 만족도,긍정
1달 전,별표 5개,서울에서 산책하며 그 아름다움을 만끽할 수 있는 평화롭고 아름다운 동네입니다.,2026,1.0,1,동네,평화롭다,2. 시각적 요소,볼거리 및 경관,긍정
1달 전,별표 5개,서울에서 산책하며 그 아름다움을 만끽할 수 있는 평화롭고 아름다운 동네입니다.,2026,1.0,1,동네,아름답다,2. 시각적 요소,볼거리 및 경관,긍정
1달 전,별표 5개,한국의 낡은 거리 풍경과 현대적인 빌딩군이 과거와 미래를 타임 슬립한 것 같은 이상한 감각이 되는 장소.,2026,1.0,1,거리,낡다,2. 시각적 요소,볼거리 및 경관,중립
1달 전,별표 5개,한국의 낡은 거리 풍경과 현대적인 빌딩군이 과거와 미래를 타임 슬립한 것 같은 이상한 감각이 되는 장소.,2026,1.0,1,빌딩군,현대적이다,2. 시각적 요소,볼거리 및 경관,중립
1달 전,별표 5개,가파른 언덕길이므로 걷기 쉬운 구두로.,2026,1.0,2,언덕길,가파르다,5. 이용 편의성,접근 및 물리적 여건,중립
1달 전,별표 5개,주택지이므로 조용히 관광합시다!,2026,1.0,3,,,,,중립
1달 전,별표 4개,"포츠포츠와 관광객 상대의 가게가 있습니다만, 본래의 한국의 거리를 맛본다면, 더 이상은이라고 생각합니다.",2026,1.0,1,,,,,긍정
1달 전,별표 4개,오래된 거리와 배경 고층 빌딩의 대비가 좋다.,2026,1.0,2,거리,오래되다,2. 시각적 요소,볼거리 및 경관,긍정
1달 전,별표 4개,오래된 거리와 배경 고층 빌딩의 대비가 좋다.,2026,1.0,2,대비,좋다,2. 시각적 요소,볼거리 및 경관,긍정
1달 전,별표 5개,많은 방문객이 있을 것이고 거리는 항상 사람들로 붐빌 것이라고 예상하셔야 합니다.,2026,1.0,1,거리,붐비다,5. 이용 편의성,접근 및 물리적 여건,중립
1달 전,별표 5개,사진 찍기에 좋은 멋진 풍경입니다.,2026,1.0,1,풍경,좋다,2. 시각적 요소,볼거리 및 경관,긍정
1달 전,별표 5개,사진 찍기에 좋은 멋진 풍경입니다.,2026,1.0,1,풍경,멋지다,2. 시각적 요소,볼거리 및 경관,긍정
1달 전,별표 5개,인스타그램에 올리기 좋은 관광 명소,2026,1.0,1,명소,좋다,2. 시각적 요소,볼거리 및 경관,긍정
1달 전,별표 5개,"경치가 정말 아름답고, 집들은 전통적이고 아주 매력적이에요.",2026,1.0,1,경치,아름답다,2. 시각적 요소,볼거리 및 경관,긍정
1달 전,별표 5개,"경치가 정말 아름답고, 집들은 전통적이고 아주 매력적이에요.",2026,1.0,1,집,전통적이다,2. 시각적 요소,볼거리 및 경관,긍정
1달 전,별표 5개,"경치가 정말 아름답고, 집들은 전통적이고 아주 매력적이에요.",2026,1.0,1,집,매력적이다,2. 시각적 요소,볼거리 및 경관,긍정
1달 전,별표 5개,게다가 아주 깨끗하고 평화로운 곳입니다.,2026,1.0,2,곳,깨끗하다,3. 시설 및 환경,공간 관리 상태,긍정
1달 전,별표 5개,게다가 아주 깨끗하고 평화로운 곳입니다.,2026,1.0,2,곳,평화롭다,3. 시설 및 환경,공간 관리 상태,긍정
1달 전,별표 5개,한 번쯤 방문하기 좋은 곳이에요.,2026,1.0,3,곳,좋다,1. 전반적 인식,종합 만족도,긍정
1달 전,별표 4개,부분적으로 공사를 하고 있었습니다!,2026,1.0,1,공사,하다,3. 시설 및 환경,공간 관리 상태,중립
1달 전,별표 4개,(8월에 들었습니다),2026,1.0,2,,,,,중립
1달 전,별표 5개,-14°C.,2026,1.0,1,,,,,중립
1달 전,별표 5개,춥고 바람이 불며 가랑비가 내립니다.,2026,1.0,2,바람,불다,3. 시설 및 환경,공간 관리 상태,부정
1달 전,별표 5개,춥고 바람이 불며 가랑비가 내립니다.,2026,1.0,2,가랑비,내리다,3. 시설 및 환경,공간 관리 상태,부정
1달 전,별표 5개,"아름다운 사진을 찍을 기회를 놓치지 않도록 따뜻하게 옷을 챙겨 입으시고, 아스킨 라빈스 아이스크림도 맛보세요.",2026,1.0,3,사진,아름답다,2. 시각적 요소,볼거리 및 경관,긍정
1달 전,별표 5개,"아름다운 사진을 찍을 기회를 놓치지 않도록 따뜻하게 옷을 챙겨 입으시고, 아스킨 라빈스 아이스크림도 맛보세요.",2026,1.0,3,기회,놓치다,2. 시각적 요소,볼거리 및 경관,긍정
1달 전,별표 5개,"아름다운 사진을 찍을 기회를 놓치지 않도록 따뜻하게 옷을 챙겨 입으시고, 아스킨 라빈스 아이스크림도 맛보세요.",2026,1.0,3,옷,따뜻하다,5. 이용 편의성,접근 및 물리적 여건,중립
1달 전,별표 5개,"아름다운 사진을 찍을 기회를 놓치지 않도록 따뜻하게 옷을 챙겨 입으시고, 아스킨 라빈스 아이스크림도 맛보세요.",2026,1.0,3,아이스크림,맛보다,4. 활동 및 서비스,체험 콘텐츠,긍정
1달 전,별표 5개,인스타그램에 올리기 좋은 사진 명소입니다.,2026,1.0,1,사진,좋다,2. 시각적 요소,볼거리 및 경관,긍정
1달 전,별표 5개,주거 지역이니 예의를 지켜주세요.,2026,1.0,2,예의,지키다,5. 이용 편의성,접근 및 물리적 여건,중립
1달 전,별표 5개,"더 좋은 사진을 찍으려면 일찍 가시는 게 좋지만, 통행금지 시간이 있으니 너무 일찍 가시지는 마세요.",2026,1.0,3,사진,좋다,2. 시각적 요소,볼거리 및 경관,긍정
1달 전,별표 5개,"더 좋은 사진을 찍으려면 일찍 가시는 게 좋지만, 통행금지 시간이 있으니 너무 일찍 가시지는 마세요.",2026,1.0,3,시간,있다,5. 이용 편의성,접근 및 물리적 여건,중립
1달 전,별표 5개,서울 최고의 명소!,2026,1.0,1,,,,,긍정
1달 전,별표 5개,"아기자기하고, 옛 한국의 생활 방식과 건축물을 엿볼 수 있는 곳이에요.",2026,1.0,2,곳,아기자기하다,2. 시각적 요소,볼거리 및 경관,긍정
1달 전,별표 5개,"아기자기하고, 옛 한국의 생활 방식과 건축물을 엿볼 수 있는 곳이에요.",2026,1.0,2,방식,엿보다,2. 시각적 요소,볼거리 및 경관,긍정
1달 전,별표 5개,"아기자기하고, 옛 한국의 생활 방식과 건축물을 엿볼 수 있는 곳이에요.",2026,1.0,2,건축물,엿보다,2. 시각적 요소,볼거리 및 경관,긍정
1달 전,별표 5개,한국인들이 살고 있으니 큰 소리로 돌아다니지 않도록 조심하세요.,2026,1.0,3,소리,크다,5. 이용 편의성,접근 및 물리적 여건,중립
1달 전,별표 5개,한국인들이 살고 있으니 큰 소리로 돌아다니지 않도록 조심하세요.,2026,1.0,3,조심,하다,5. 이용 편의성,접근 및 물리적 여건,중립
1달 전,별표 5개,😊,2026,1.0,4,,,,,긍정
1달 전,별표 5개,"북촌 한옥마을은 서울에 위치한, 한옥들이 잘 보존된 지역입니다.",2026,1.0,1,한옥,보존되다,2. 시각적 요소,볼거리 및 경관,중립
1달 전,별표 5개,이곳에서는 한국의 옛 건축 양식을 감상할 수 있습니다.,2026,1.0,2,양식,감상하다,2. 시각적 요소,볼거리 및 경관,중립
1달 전,별표 5개,"한옥들은 아름답고 잘 보존되어 있으며, 많은 관광객들이 한복을 입고 마을을 거닐곤 합니다.",2026,1.0,3,한옥,아름답다,2. 시각적 요소,볼거리 및 경관,긍정
1달 전,별표 5개,"한옥들은 아름답고 잘 보존되어 있으며, 많은 관광객들이 한복을 입고 마을을 거닐곤 합니다.",2026,1.0,3,한옥,보존되다,2. 시각적 요소,볼거리 및 경관,긍정
1달 전,별표 3개,셀카봉 든 사람들이 없었다면 정말 좋은 곳이었을 텐데.,2026,1.0,1,곳,좋다,1. 전반적 인식,종합 만족도,부정
1달 전,별표 3개,시끄러운 관광객/침입자들 때문에 고생하는 주민들이 안쓰럽네요.,2026,1.0,2,관광객,시끄럽다,5. 이용 편의성,접근 및 물리적 여건,부정
1달 전,별표 3개,시끄러운 관광객/침입자들 때문에 고생하는 주민들이 안쓰럽네요.,2026,1.0,2,주민,고생하다,5. 이용 편의성,접근 및 물리적 여건,부정
1달 전,별표 3개,시끄러운 관광객/침입자들 때문에 고생하는 주민들이 안쓰럽네요.,2026,1.0,2,주민,안쓰럽다,5. 이용 편의성,접근 및 물리적 여건,부정
1달 전,별표 3개,조용히 해달라는 표지판도 있었는데 말이죠.,2026,1.0,3,표지판,있다,3. 시설 및 환경,공간 관리 상태,중립
1달 전,별표 3개,저는 침입자 무리에 끼고 싶지 않아서 5분 만에 떠났습니다.,2026,1.0,4,,,,,부정
1달 전,별표 4개,정말 독특한 곳이네요.,2026,1.0,1,곳,독특하다,1. 전반적 인식,종합 만족도,긍정
1달 전,별표 4개,그들의 문화를 알게 되어 좋았습니다.,2026,1.0,2,문화,알다,4. 활동 및 서비스,체험 콘텐츠,긍정
1달 전,별표 4개,그들의 문화를 알게 되어 좋았습니다.,2026,1.0,2,문화,좋다,4. 활동 및 서비스,체험 콘텐츠,긍정
1달 전,별표 4개,전통 건축물이 어우러진 주택 단지를 볼 수 있는 좋은 곳입니다.,2026,1.0,1,건축물,어우러지다,2. 시각적 요소,볼거리 및 경관,긍정
1달 전,별표 4개,전통 건축물이 어우러진 주택 단지를 볼 수 있는 좋은 곳입니다.,2026,1.0,1,곳,좋다,1. 전반적 인식,종합 만족도,긍정
1달 전,별표 4개,"일부 주택이 상점으로 개조된 모습도 흥미롭고, 전통과 현대적인 감각이 조화롭게 어우러져 있습니다.",2026,1.0,2,주택,개조되다,2. 시각적 요소,볼거리 및 경관,긍정
1달 전,별표 4개,"일부 주택이 상점으로 개조된 모습도 흥미롭고, 전통과 현대적인 감각이 조화롭게 어우러져 있습니다.",2026,1.0,2,모습,흥미롭다,2. 시각적 요소,볼거리 및 경관,긍정
1달 전,별표 4개,"일부 주택이 상점으로 개조된 모습도 흥미롭고, 전통과 현대적인 감각이 조화롭게 어우러져 있습니다.",2026,1.0,2,감각,조화롭다,2. 시각적 요소,볼거리 및 경관,긍정
1달 전,별표 4개,"일부 주택이 상점으로 개조된 모습도 흥미롭고, 전통과 현대적인 감각이 조화롭게 어우러져 있습니다.",2026,1.0,2,감각,어우러지다,2. 시각적 요소,볼거리 및 경관,긍정
1달 전,별표 4개,"다만, 주민들에게 피해를 주지 않도록 조용히 하는 것을 잊지 마세요.",2026,1.0,3,피해,주다,5. 이용 편의성,접근 및 물리적 여건,중립
1달 전,별표 5개,꼭 한번 방문해 볼 만한 곳이에요.,2026,1.0,1,곳,방문하다,1. 전반적 인식,종합 만족도,긍정
1달 전,별표 5개,다행히 비가 와서 마을 풍경이 더욱 아름다웠어요.,2026,1.0,2,비,오다,2. 시각적 요소,볼거리 및 경관,긍정
1달 전,별표 5개,다행히 비가 와서 마을 풍경이 더욱 아름다웠어요.,2026,1.0,2,풍경,아름답다,2. 시각적 요소,볼거리 및 경관,긍정
1달 전,별표 5개,사람도 많지 않고 한적했죠.,2026,1.0,3,사람,많다,5. 이용 편의성,접근 및 물리적 여건,긍정
1달 전,별표 5개,"3층에는 마을이 내려다보이는 카페가 있고, 4층에는 한국 음식점이 있어요.",2026,1.0,4,,,,,중립
1달 전,별표 5개,"북촌문화마을 방문해서 풍부한 역사와 문화유산, 그리고 진정성을 경험할 수 있어서 정말 좋았습니다.",2026,1.0,5,역사,풍부하다,4. 활동 및 서비스,체험 콘텐츠,긍정
1달 전,별표 5개,"북촌문화마을 방문해서 풍부한 역사와 문화유산, 그리고 진정성을 경험할 수 있어서 정말 좋았습니다.",2026,1.0,5,문화유산,풍부하다,4. 활동 및 서비스,체험 콘텐츠,긍정
1달 전,별표 5개,"북촌문화마을 방문해서 풍부한 역사와 문화유산, 그리고 진정성을 경험할 수 있어서 정말 좋았습니다.",2026,1.0,5,경험,좋다,1. 전반적 인식,종합 만족도,긍정
1달 전,별표 5개,🇰🇷,2026,1.0,6,,,,,중립
1달 전,별표 5개,매우 흥미롭지만 다소 어수선하네요.,2026,1.0,1,,,,,부정
1달 전,별표 4개,좋은 느낌입니다.,2026,1.0,1,느낌,좋다,1. 전반적 인식,종합 만족도,긍정
1달 전,별표 5개,한국의 전통 가옥을 볼 수 있는 훌륭한 전망대입니다.,2026,1.0,1,전망대,훌륭하다,2. 시각적 요소,볼거리 및 경관,긍정
1달 전,별표 4개,관광객들 때문에 사진 촬영이 거의 불가능합니다.,2026,1.0,1,촬영,불가능하다,4. 활동 및 서비스,체험 콘텐츠,부정
1달 전,별표 4개,이 가게들이 정말 마음에 들어요.,2026,1.0,1,가게,마음에 들다,4. 활동 및 서비스,체험 콘텐츠,긍정
1달 전,별표 4개,독특한 물건들을 파는 멋진 작은 가게들이 많아요.,2026,1.0,2,물건,독특하다,4. 활동 및 서비스,체험 콘텐츠,긍정
1달 전,별표 4개,독특한 물건들을 파는 멋진 작은 가게들이 많아요.,2026,1.0,2,가게,멋지다,4. 활동 및 서비스,체험 콘텐츠,긍정
1달 전,별표 4개,독특한 물건들을 파는 멋진 작은 가게들이 많아요.,2026,1.0,2,가게,많다,4. 활동 및 서비스,체험 콘텐츠,긍정
1달 전,별표 5개,디자인이 정말 훌륭해요.,2026,1.0,1,디자인,훌륭하다,2. 시각적 요소,볼거리 및 경관,긍정
1달 전,별표 5개,한국 역사를 경험하고 싶다면 꼭 방문해야 할 최고의 장소 중 하나입니다.,2026,1.0,2,역사,경험하다,4. 활동 및 서비스,체험 콘텐츠,긍정
1달 전,별표 5개,한국 역사를 경험하고 싶다면 꼭 방문해야 할 최고의 장소 중 하나입니다.,2026,1.0,2,장소,방문하다,1. 전반적 인식,종합 만족도,긍정
1달 전,별표 5개,"깨끗한 거리, 고풍스러운 건물, 그리고 가볼 만한 명소들; 유일한 단점은 화장실이 꽤 멀리 있다는 점입니다.",2026,1.0,1,거리,깨끗하다,3. 시설 및 환경,공간 관리 상태,긍정
1달 전,별표 5개,"깨끗한 거리, 고풍스러운 건물, 그리고 가볼 만한 명소들; 유일한 단점은 화장실이 꽤 멀리 있다는 점입니다.",2026,1.0,1,건물,고풍스럽다,2. 시각적 요소,볼거리 및 경관,긍정
1달 전,별표 5개,"깨끗한 거리, 고풍스러운 건물, 그리고 가볼 만한 명소들; 유일한 단점은 화장실이 꽤 멀리 있다는 점입니다.",2026,1.0,1,명소,가다,1. 전반적 인식,종합 만족도,긍정
1달 전,별표 5개,"깨끗한 거리, 고풍스러운 건물, 그리고 가볼 만한 명소들; 유일한 단점은 화장실이 꽤 멀리 있다는 점입니다.",2026,1.0,1,화장실,멀다,3. 시설 및 환경,공간 관리 상태,부정
1달 전,별표 5개,"서울의 아름답고 상징적인 명소, 남산.",2026,1.0,1,명소,아름답다,1. 전반적 인식,종합 만족도,긍정
1달 전,별표 5개,"서울의 아름답고 상징적인 명소, 남산.",2026,1.0,1,명소,상징적이다,1. 전반적 인식,종합 만족도,긍정
1달 전,별표 5개,"남산을 오르는 길은 즐겁고, N서울타워 꼭대기까지 올라가지 않아도 주변 경치는 환상적입니다.",2026,1.0,2,길,즐겁다,4. 활동 및 서비스,체험 콘텐츠,긍정
1달 전,별표 5개,"남산을 오르는 길은 즐겁고, N서울타워 꼭대기까지 올라가지 않아도 주변 경치는 환상적입니다.",2026,1.0,2,경치,환상적이다,2. 시각적 요소,볼거리 및 경관,긍정
1달 전,별표 5개,"좋은 분위기, 아름다운 자연, 그리고 사진 찍기 좋은 장소들이 가득합니다.",2026,1.0,3,분위기,좋다,1. 전반적 인식,종합 만족도,긍정
1달 전,별표 5개,"좋은 분위기, 아름다운 자연, 그리고 사진 찍기 좋은 장소들이 가득합니다.",2026,1.0,3,자연,아름답다,2. 시각적 요소,볼거리 및 경관,긍정
1달 전,별표 5개,"좋은 분위기, 아름다운 자연, 그리고 사진 찍기 좋은 장소들이 가득합니다.",2026,1.0,3,장소,좋다,2. 시각적 요소,볼거리 및 경관,긍정
1달 전,별표 5개,"좋은 분위기, 아름다운 자연, 그리고 사진 찍기 좋은 장소들이 가득합니다.",2026,1.0,3,장소,가득하다,2. 시각적 요소,볼거리 및 경관,긍정
1달 전,별표 5개,산책과 도시 경관 감상을 좋아하시는 분들께 강력 추천합니다.,2026,1.0,4,산책,좋아하다,4. 활동 및 서비스,체험 콘텐츠,긍정
1달 전,별표 5개,산책과 도시 경관 감상을 좋아하시는 분들께 강력 추천합니다.,2026,1.0,4,경관,좋아하다,2. 시각적 요소,볼거리 및 경관,긍정
1달 전,별표 5개,산책과 도시 경관 감상을 좋아하시는 분들께 강력 추천합니다.,2026,1.0,4,추천,강력하다,1. 전반적 인식,종합 만족도,긍정
1달 전,별표 5개,"잊을 수 없는, 매우 문화적인 경험이었습니다.",2026,1.0,1,경험,잊다,1. 전반적 인식,종합 만족도,긍정
1달 전,별표 5개,"잊을 수 없는, 매우 문화적인 경험이었습니다.",2026,1.0,1,경험,문화적이다,1. 전반적 인식,종합 만족도,긍정
1달 전,별표 5개,흥미롭고 저렴한 경험.,2026,1.0,1,경험,흥미롭다,1. 전반적 인식,종합 만족도,긍정
1달 전,별표 5개,흥미롭고 저렴한 경험.,2026,1.0,1,경험,저렴하다,1. 전반적 인식,종합 만족도,긍정
1달 전,별표 5개,멋진 경치.,2026,1.0,2,경치,멋지다,2. 시각적 요소,볼거리 및 경관,긍정
1달 전,별표 4개,겨울 저녁인데도 사람이 정말 많았어요.,2026,1.0,1,사람,많다,5. 이용 편의성,접근 및 물리적 여건,부정
1달 전,별표 4개,"케이블카를 타고 정상까지 올라갔는데, 미리 티켓을 살 필요 없이 현장에서 구매하면 돼요.",2026,1.0,2,,,,,중립
1달 전,별표 4개,걸어서 올라가는 사람들도 있었고요.,2026,1.0,3,,,,,중립
1달 전,별표 4개,밤에 보는 야경이 꽤 멋지더라고요.,2026,1.0,4,야경,멋지다,2. 시각적 요소,볼거리 및 경관,긍정
1달 전,별표 4개,"정상에는 딱히 할 만한 건 없지만, 다들 한국 드라마 때문에 유명해진 것 같아요.",2026,1.0,5,정상,없다,4. 활동 및 서비스,체험 콘텐츠,부정
1달 전,별표 4개,"정상에는 딱히 할 만한 건 없지만, 다들 한국 드라마 때문에 유명해진 것 같아요.",2026,1.0,5,드라마,유명하다,4. 활동 및 서비스,체험 콘텐츠,중립
1달 전,별표 5개,서울 시내 전체를 조망할 수 있는 최고의 전망,2026,1.0,1,전망,조망하다,2. 시각적 요소,볼거리 및 경관,긍정
1달 전,별표 4개,황혼 추웠지만 매우 좋았습니다!,2026,1.0,1,황혼,춥다,2. 시각적 요소,볼거리 및 경관,긍정
1달 전,별표 4개,황혼 추웠지만 매우 좋았습니다!,2026,1.0,1,황혼,좋다,2. 시각적 요소,볼거리 및 경관,긍정
1달 전,별표 5개,역대 최고의 소변기 풍경,2026,1.0,1,,,,,긍정
1달 전,별표 5개,서울을 구경하기 좋은 곳,2026,1.0,1,서울,구경하다,2. 시각적 요소,볼거리 및 경관,긍정
1달 전,별표 5개,서울을 구경하기 좋은 곳,2026,1.0,1,곳,좋다,2. 시각적 요소,볼거리 및 경관,긍정
1달 전,별표 5개,직원분들이 정말 친절하시고 전체적으로 아주 아주 좋은 곳이에요❤️❤️❤️,2026,1.0,1,직원,친절하다,4. 활동 및 서비스,체험 콘텐츠,긍정
1달 전,별표 5개,직원분들이 정말 친절하시고 전체적으로 아주 아주 좋은 곳이에요❤️❤️❤️,2026,1.0,1,곳,좋다,1. 전반적 인식,종합 만족도,긍정
1달 전,별표 5개,서울의 상징적인 랜드마크인 N 타워는 서울에 왔다면 꼭 방문해야 할 곳입니다.,2026,1.0,1,타워,상징적이다,2. 시각적 요소,볼거리 및 경관,중립
1달 전,별표 5개,서울의 상징적인 랜드마크인 N 타워는 서울에 왔다면 꼭 방문해야 할 곳입니다.,2026,1.0,1,곳,방문하다,1. 전반적 인식,종합 만족도,긍정
1달 전,별표 5개,적어도 한 번은 가봐야 할 곳 중 하나죠.,2026,1.0,2,,,,,긍정
1달 전,별표 5개,"꼭대기에서 바라보는 서울의 전경은 정말 환상적이며, 특히 밤에 불빛으로 환하게 빛나는 모습은 장관입니다.",2026,1.0,3,전경,환상적이다,2. 시각적 요소,볼거리 및 경관,긍정
1달 전,별표 5개,"꼭대기에서 바라보는 서울의 전경은 정말 환상적이며, 특히 밤에 불빛으로 환하게 빛나는 모습은 장관입니다.",2026,1.0,3,불빛,환하다,2. 시각적 요소,볼거리 및 경관,긍정
1달 전,별표 5개,"꼭대기에서 바라보는 서울의 전경은 정말 환상적이며, 특히 밤에 불빛으로 환하게 빛나는 모습은 장관입니다.",2026,1.0,3,모습,빛나다,2. 시각적 요소,볼거리 및 경관,긍정
1달 전,별표 5개,주변에는 산책하고 사진을 찍으며 분위기를 만끽할 수 있는 곳들이 많아 즐길 거리가 풍부합니다.,2026,1.0,4,곳,많다,4. 활동 및 서비스,체험 콘텐츠,긍정
1달 전,별표 5개,주변에는 산책하고 사진을 찍으며 분위기를 만끽할 수 있는 곳들이 많아 즐길 거리가 풍부합니다.,2026,1.0,4,즐길 거리,풍부하다,4. 활동 및 서비스,체험 콘텐츠,긍정
1달 전,별표 5개,몇 시간 정도 시간을 내어 둘러보면 서울의 아름다움을 제대로 느낄 수 있을 거예요.,2026,1.0,5,아름다움,느끼다,2. 시각적 요소,볼거리 및 경관,긍정
1달 전,별표 5개,서울의 잊지 못할 추억을 만들어 줄 상징적인 장소입니다.,2026,1.0,6,장소,상징적이다,1. 전반적 인식,종합 만족도,긍정
1달 전,별표 5개,서울에 가면 꼭 가봐야 할 곳이에요!,2026,1.0,1,,,,,긍정
1달 전,별표 5개,날씨도 너무 좋아서 완벽했어요.,2026,1.0,2,날씨,좋다,2. 시각적 요소,볼거리 및 경관,긍정
1달 전,별표 5개,날씨도 너무 좋아서 완벽했어요.,2026,1.0,2,날씨,완벽하다,2. 시각적 요소,볼거리 및 경관,긍정
1달 전,별표 5개,멋진 전망에 눈을 뗄 수가 없었답니다.,2026,1.0,3,전망,멋지다,2. 시각적 요소,볼거리 및 경관,긍정
1달 전,별표 5개,"타워에서 아래를 내려다볼 수 있는 좋은 자리를 찾았는데, 수제 맥주도 있어서 더 오래 머물렀어요.",2026,1.0,4,자리,좋다,3. 시설 및 환경,공간 관리 상태,긍정
1달 전,별표 5개,"타워에서 아래를 내려다볼 수 있는 좋은 자리를 찾았는데, 수제 맥주도 있어서 더 오래 머물렀어요.",2026,1.0,4,맥주,있다,4. 활동 및 서비스,체험 콘텐츠,긍정
1달 전,별표 5개,"찾아가기도 쉽고, 엘리베이터도 있어서 편리하고 빨랐어요.",2026,1.0,5,찾아가기,쉽다,5. 이용 편의성,접근 및 물리적 여건,긍정
1달 전,별표 5개,"찾아가기도 쉽고, 엘리베이터도 있어서 편리하고 빨랐어요.",2026,1.0,5,엘리베이터,있다,5. 이용 편의성,접근 및 물리적 여건,긍정
1달 전,별표 5개,"찾아가기도 쉽고, 엘리베이터도 있어서 편리하고 빨랐어요.",2026,1.0,5,엘리베이터,편리하다,5. 이용 편의성,접근 및 물리적 여건,긍정
1달 전,별표 5개,"찾아가기도 쉽고, 엘리베이터도 있어서 편리하고 빨랐어요.",2026,1.0,5,엘리베이터,빠르다,5. 이용 편의성,접근 및 물리적 여건,긍정
1달 전,별표 5개,화장실도 깨끗하고 쾌적해서 하늘을 감상하며 식사할 수 있었어요.,2026,1.0,6,화장실,깨끗하다,3. 시설 및 환경,공간 관리 상태,긍정
1달 전,별표 5개,화장실도 깨끗하고 쾌적해서 하늘을 감상하며 식사할 수 있었어요.,2026,1.0,6,화장실,쾌적하다,3. 시설 및 환경,공간 관리 상태,긍정
1달 전,별표 5개,서울의 멋진 파노라마 전망을 감상할 수 있는 곳입니다.,2026,1.0,1,전망,멋지다,2. 시각적 요소,볼거리 및 경관,긍정
1달 전,별표 5개,환경도 깨끗하고 잘 설계되어 있어요.,2026,1.0,2,환경,깨끗하다,3. 시설 및 환경,공간 관리 상태,긍정
1달 전,별표 5개,환경도 깨끗하고 잘 설계되어 있어요.,2026,1.0,2,환경,설계되다,3. 시설 및 환경,공간 관리 상태,긍정
1달 전,별표 5개,여행 일정에 꼭 포함시키기를 강력 추천합니다.,2026,1.0,3,,,,,긍정
1달 전,별표 5개,키가 큰,2026,1.0,1,키,크다,2. 시각적 요소,볼거리 및 경관,중립
1달 전,별표 5개,"서울 타워에 처음 가봤는데, 최고로 멋진 꼭대기 전망이었어요.",2026,1.0,1,전망,멋지다,2. 시각적 요소,볼거리 및 경관,긍정
1달 전,별표 5개,이곳은 서울역에서 꽤 멀기 때문에 402번이나 405번 버스를 타는 것을 추천합니다.,2026,1.0,1,이곳,멀다,5. 이용 편의성,접근 및 물리적 여건,중립
1달 전,별표 5개,남산도서관에 도착하면 버스에서 내려 길을 조심해서 건너 타워 방향으로 난 길을 따라 걸어가면 됩니다.,2026,1.0,2,,,,,중립
1달 전,별표 5개,아니면 남산케이블카를 타고 걸어서 갈 수도 있습니다.,2026,1.0,3,,,,,중립
1달 전,별표 5개,두 곳 모두 지하철역에서 멀고 케이블카 요금이 꽤 비싸기 때문에 아기와 함께 가는 경우가 아니라면 버스를 타고 걸어가는 것을 추천합니다.,2026,1.0,4,곳,멀다,5. 이용 편의성,접근 및 물리적 여건,부정
1달 전,별표 5개,두 곳 모두 지하철역에서 멀고 케이블카 요금이 꽤 비싸기 때문에 아기와 함께 가는 경우가 아니라면 버스를 타고 걸어가는 것을 추천합니다.,2026,1.0,4,요금,비싸다,5. 이용 편의성,접근 및 물리적 여건,부정
1달 전,별표 5개,특히 저녁에 가면 더욱 멋진 경치를 감상할 수 있습니다.,2026,1.0,5,경치,멋지다,2. 시각적 요소,볼거리 및 경관,긍정
1달 전,별표 5개,서울의 멋진 전망을 감상할 수 있습니다.,2026,1.0,1,전망,멋지다,2. 시각적 요소,볼거리 및 경관,긍정
1달 전,별표 5개,"다만 겨울에는 걸어 올라가기엔 매우 추울 수 있으니, 버스를 타고 올라가는 것을 추천합니다 (카카오/네이버 지도를 이용하세요).",2026,1.0,2,겨울,춥다,5. 이용 편의성,접근 및 물리적 여건,중립
1달 전,별표 3개,음...,2026,1.0,1,,,,,중립
1달 전,별표 3개,그냥 평범하네요!,2026,1.0,2,,,,,중립
1달 전,별표 3개,"두 사람 입장료가 약 NT$1200이나 되는데, 그만한 가치는 없어 보여요.",2026,1.0,3,입장료,되다,5. 이용 편의성,접근 및 물리적 여건,부정
1달 전,별표 3개,"두 사람 입장료가 약 NT$1200이나 되는데, 그만한 가치는 없어 보여요.",2026,1.0,3,가치,없다,1. 전반적 인식,종합 만족도,부정
1달 전,별표 3개,하지만 비싼 가격에도 불구하고 공간은 꽤 쾌적하고 붐비지 않는다는 장점이 있네요!,2026,1.0,4,가격,비싸다,5. 이용 편의성,접근 및 물리적 여건,부정
1달 전,별표 3개,하지만 비싼 가격에도 불구하고 공간은 꽤 쾌적하고 붐비지 않는다는 장점이 있네요!,2026,1.0,4,공간,쾌적하다,3. 시설 및 환경,공간 관리 상태,긍정
1달 전,별표 3개,하지만 비싼 가격에도 불구하고 공간은 꽤 쾌적하고 붐비지 않는다는 장점이 있네요!,2026,1.0,4,공간,붐비다,3. 시설 및 환경,공간 관리 상태,긍정
1달 전,별표 5개,꼭 방문해야 할 사이트,2026,1.0,1,,,,,긍정
1달 전,별표 5개,멋진,2026,1.0,1,,,,,긍정
1달 전,별표 5개,관광객이라면 꼭 한번 방문할 만한 곳입니다.,2026,1.0,1,,,,,긍정
1달 전,별표 5개,정상에서 바라보는 경치가 아름답습니다.,2026,1.0,2,경치,아름답다,2. 시각적 요소,볼거리 및 경관,긍정
1달 전,별표 5개,겨울에도 사람이 정말 많네요 🙂🙂…,2026,1.0,1,사람,많다,5. 이용 편의성,접근 및 물리적 여건,부정
1달 전,별표 5개,"1월 14일에 방문했는데 날씨가 너무 추워서 걸어서 올라가는 게 좀 힘들었지만, 경치가 정말 멋졌어요.",2026,1.0,1,날씨,춥다,5. 이용 편의성,접근 및 물리적 여건,부정
1달 전,별표 5개,"1월 14일에 방문했는데 날씨가 너무 추워서 걸어서 올라가는 게 좀 힘들었지만, 경치가 정말 멋졌어요.",2026,1.0,1,게,힘들다,5. 이용 편의성,접근 및 물리적 여건,부정
1달 전,별표 5개,"1월 14일에 방문했는데 날씨가 너무 추워서 걸어서 올라가는 게 좀 힘들었지만, 경치가 정말 멋졌어요.",2026,1.0,1,경치,멋지다,2. 시각적 요소,볼거리 및 경관,긍정
1달 전,별표 5개,방문할 가치가 있는 곳입니다.,2026,1.0,2,가치,있다,1. 전반적 인식,종합 만족도,긍정
1달 전,별표 5개,"멋진 곳이고, 관광 명소이며, 서울에서 꼭 방문해야 할 곳입니다.",2026,1.0,1,곳,멋지다,1. 전반적 인식,종합 만족도,긍정
1달 전,별표 5개,그곳은 정말 아름답습니다.,2026,1.0,1,그곳,아름답다,2. 시각적 요소,볼거리 및 경관,긍정
1달 전,별표 5개,"항상 사람들로 붐비겠지만, 특히 맑은 날 저녁 해질녘에 탑에 올라가는 것은 정말 가치가 있습니다.",2026,1.0,2,사람,붐비다,5. 이용 편의성,접근 및 물리적 여건,부정
1달 전,별표 5개,"항상 사람들로 붐비겠지만, 특히 맑은 날 저녁 해질녘에 탑에 올라가는 것은 정말 가치가 있습니다.",2026,1.0,2,가치,있다,1. 전반적 인식,종합 만족도,긍정
1달 전,별표 5개,매우 아름다운 광경을 볼 수 있을 거예요.,2026,1.0,3,광경,아름답다,2. 시각적 요소,볼거리 및 경관,긍정
1달 전,별표 5개,저는 이곳이 정말 좋아요.,2026,1.0,1,이곳,좋다,1. 전반적 인식,종합 만족도,긍정
1달 전,별표 5개,왜냐하면 이곳은 저에게 아주 편안한 곳이기 때문이에요 ^__^,2026,1.0,2,이곳,편안하다,1. 전반적 인식,종합 만족도,긍정
1달 전,별표 5개,매우 깨끗하고 조화롭습니다,2026,1.0,1,,,,,긍정
1달 전,별표 4개,안개가 짙고 공기가 탁해서 도시의 전경을 제대로 볼 수 없었습니다.,2026,1.0,1,안개,짙다,2. 시각적 요소,볼거리 및 경관,부정
1달 전,별표 4개,안개가 짙고 공기가 탁해서 도시의 전경을 제대로 볼 수 없었습니다.,2026,1.0,1,공기,탁하다,2. 시각적 요소,볼거리 및 경관,부정
1달 전,별표 4개,"유일한 문제는 그날 날씨가 흐렸다는 거였지만, 걸어 올라가는 건 재미있었어요.",2026,1.0,1,날씨,흐리다,5. 이용 편의성,접근 및 물리적 여건,부정
1달 전,별표 4개,"유일한 문제는 그날 날씨가 흐렸다는 거였지만, 걸어 올라가는 건 재미있었어요.",2026,1.0,1,건,재미있다,4. 활동 및 서비스,체험 콘텐츠,긍정
1달 전,별표 4개,케이블카를 타려면 왕복으로 타는 게 좋아요.,2026,1.0,2,게,좋다,5. 이용 편의성,접근 및 물리적 여건,중립
1달 전,별표 4개,"편도 12,000km인데 왕복은 15,000km거든요.",2026,1.0,3,,,,,중립
1달 전,별표 4개,제가 직접 경험해 보고 알게 된 사실이에요.,2026,1.0,4,,,,,중립
1달 전,별표 4개,아니면 그냥 버스를 타고 내려오는 방법도 있어요.,2026,1.0,5,,,,,중립
1달 전,별표 4개,탑 꼭대기에서 보는 전망은 정말 훌륭했어요.,2026,1.0,1,전망,훌륭하다,2. 시각적 요소,볼거리 및 경관,긍정
1달 전,별표 4개,주말 저녁에 갔는데 사람이 엄청 많았어요.,2026,1.0,2,사람,많다,5. 이용 편의성,접근 및 물리적 여건,부정
1달 전,별표 4개,패스트패스를 샀는데 별 도움이 안 됐어요.,2026,1.0,3,도움,안되다,5. 이용 편의성,접근 및 물리적 여건,부정
1달 전,별표 4개,기껏해야 5분 정도밖에 절약 못 해서 전혀 돈 낭비였어요.,2026,1.0,4,,,,,부정
1달 전,별표 4개,가장 좋았던 건 탑까지 언덕을 오르내리는 거였어요!,2026,1.0,5,건,좋다,4. 활동 및 서비스,체험 콘텐츠,긍정
1달 전,별표 5개,서울과 주변 지역의 멋진 전망을 감상할 수 있습니다!,2026,1.0,1,전망,멋지다,2. 시각적 요소,볼거리 및 경관,긍정
1달 전,별표 5개,케이블카도 합리적인 가격으로 이용 가능합니다.,2026,1.0,2,가격,합리적이다,5. 이용 편의성,접근 및 물리적 여건,긍정
1달 전,별표 5개,정말 좋았어요!,2026,1.0,1,,,,,긍정
1달 전,별표 5개,"이곳은 등산객과 모험을 즐기는 사람들에게도 좋고, 인스타그램 사진 찍기에도 좋은 곳이에요.",2026,1.0,2,이곳,좋다,1. 전반적 인식,종합 만족도,긍정
1달 전,별표 5개,"이곳은 등산객과 모험을 즐기는 사람들에게도 좋고, 인스타그램 사진 찍기에도 좋은 곳이에요.",2026,1.0,2,곳,좋다,2. 시각적 요소,볼거리 및 경관,긍정
1달 전,별표 5개,정말 멋진 곳입니다.,2026,1.0,3,곳,멋지다,1. 전반적 인식,종합 만족도,긍정
1달 전,별표 5개,시간이 남을 때 산책하기 좋은 곳입니다.,2026,1.0,1,곳,좋다,4. 활동 및 서비스,체험 콘텐츠,긍정
1달 전,별표 5개,"넓은 공간 덕분에 여유롭게 둘러볼 수 있고, 서울의 전경을 거의 360도 파노라마로 감상할 수 있는 환상적인 경치를 자랑합니다.",2026,1.0,2,공간,넓다,3. 시설 및 환경,공간 관리 상태,긍정
1달 전,별표 5개,"넓은 공간 덕분에 여유롭게 둘러볼 수 있고, 서울의 전경을 거의 360도 파노라마로 감상할 수 있는 환상적인 경치를 자랑합니다.",2026,1.0,2,경치,환상적이다,2. 시각적 요소,볼거리 및 경관,긍정
1달 전,별표 5개,"서울타워 전망대는 별도 입장권이 필요하지만, 주변에서도 멋진 전망을 즐길 수 있습니다.",2026,1.0,3,전망,멋지다,2. 시각적 요소,볼거리 및 경관,긍정
1달 전,별표 5개,"서울타워 내부에는 편의점, 카페, 레스토랑, 게임장 등이 있으며, 외부에는 푸드트럭과 노점상들이 있어 활기찬 분위기를 자아냅니다.",2026,1.0,4,분위기,활기차다,1. 전반적 인식,종합 만족도,긍정
1달 전,별표 5개,나무 산책로의 난간에는 커다란 자물쇠들이 걸려 있어 독특한 볼거리를 제공합니다.,2026,1.0,5,볼거리,독특하다,2. 시각적 요소,볼거리 및 경관,긍정
1달 전,별표 5개,시간이 있다면 잘 정비된 산책로를 따라 천천히 걸어 내려가는 것도 좋습니다.,2026,1.0,6,산책로,정비되다,3. 시설 및 환경,공간 관리 상태,긍정
1달 전,별표 5개,시간이 있다면 잘 정비된 산책로를 따라 천천히 걸어 내려가는 것도 좋습니다.,2026,1.0,6,산책로,좋다,3. 시설 및 환경,공간 관리 상태,긍정
1달 전,별표 5개,다만 케이블카를 이용하려면 약 30분 정도 대기해야 합니다.,2026,1.0,7,케이블카,대기하다,5. 이용 편의성,접근 및 물리적 여건,부정
1달 전,별표 4개,날씨 덕분에 사람이 별로 없었어요.,2026,1.0,1,사람,없다,5. 이용 편의성,접근 및 물리적 여건,긍정
1달 전,별표 4개,"케이블카를 타고 올라갔는데, 주변에 상점이랑 음식점이 많더라고요.",2026,1.0,2,상점,많다,4. 활동 및 서비스,체험 콘텐츠,중립
1달 전,별표 4개,"케이블카를 타고 올라갔는데, 주변에 상점이랑 음식점이 많더라고요.",2026,1.0,2,음식점,많다,4. 활동 및 서비스,체험 콘텐츠,중립
1달 전,별표 4개,전망대로 가는 길에 조명 쇼도 즐거웠어요.,2026,1.0,3,조명 쇼,즐겁다,4. 활동 및 서비스,체험 콘텐츠,긍정
1달 전,별표 4개,"일반적인 전망대랑 비슷하긴 한데, 고층 건물들이 다 보여요.",2026,1.0,4,전망대,비슷하다,2. 시각적 요소,볼거리 및 경관,중립
1달 전,별표 4개,"일반적인 전망대랑 비슷하긴 한데, 고층 건물들이 다 보여요.",2026,1.0,4,건물,보이다,2. 시각적 요소,볼거리 및 경관,긍정
1달 전,별표 4개,한 번쯤 가볼 만한 곳이에요.,2026,1.0,5,곳,가다,1. 전반적 인식,종합 만족도,긍정
1달 전,별표 5개,서울에서 관광객으로서 할 수 있는 일 중에는 이보다 더 나쁜 것도 많습니다.,2026,1.0,1,것,나쁘다,1. 전반적 인식,종합 만족도,긍정
1달 전,별표 5개,서울에서 관광객으로서 할 수 있는 일 중에는 이보다 더 나쁜 것도 많습니다.,2026,1.0,1,것,많다,1. 전반적 인식,종합 만족도,긍정
1달 전,별표 5개,"멋진 전망, 재미있는 케이블카 탑승, 그리고 내부에 있는 세븐일레븐까지 더해져 더욱 매력적입니다.",2026,1.0,2,전망,멋지다,2. 시각적 요소,볼거리 및 경관,긍정
1달 전,별표 5개,"멋진 전망, 재미있는 케이블카 탑승, 그리고 내부에 있는 세븐일레븐까지 더해져 더욱 매력적입니다.",2026,1.0,2,케이블카 탑승,재미있다,4. 활동 및 서비스,체험 콘텐츠,긍정
1달 전,별표 5개,"멋진 전망, 재미있는 케이블카 탑승, 그리고 내부에 있는 세븐일레븐까지 더해져 더욱 매력적입니다.",2026,1.0,2,세븐일레븐,매력적이다,4. 활동 및 서비스,체험 콘텐츠,긍정
1달 전,별표 5개,"다만, 성수기에는 케이블카를 타기 위해 줄을 서야 할 수도 있습니다.",2026,1.0,3,줄,서다,5. 이용 편의성,접근 및 물리적 여건,부정
1달 전,별표 5개,11월 말에 서울타워를 방문했는데 정말 아름다웠어요.,2026,1.0,1,서울타워,아름답다,2. 시각적 요소,볼거리 및 경관,긍정
1달 전,별표 5개,야경 전체가 너무 멋져서 정말 좋았습니다!,2026,1.0,2,야경,멋지다,2. 시각적 요소,볼거리 및 경관,긍정
1달 전,별표 5개,야경 전체가 너무 멋져서 정말 좋았습니다!,2026,1.0,2,야경,좋다,2. 시각적 요소,볼거리 및 경관,긍정
1달 전,별표 5개,하지만 너무 추웠어요!,2026,1.0,3,,,,,부정
1달 전,별표 5개,서울에서 꼭 봐야 할 명소입니다.,2026,1.0,1,명소,보다,1. 전반적 인식,종합 만족도,긍정
1달 전,별표 5개,"겨울에 방문한다면 타워까지 바로 가는 버스를 타고, 버스에서 내려 걸어서 5분 정도 올라가는 것을 추천합니다.",2026,1.0,2,것,추천하다,5. 이용 편의성,접근 및 물리적 여건,중립
1달 전,별표 5개,서울 시내 전체를 360도로 조망할 수 있는 환상적인 경치를 감상할 수 있습니다.,2026,1.0,3,경치,환상적이다,2. 시각적 요소,볼거리 및 경관,긍정
1달 전,별표 5개,서울 시내 전체를 360도로 조망할 수 있는 환상적인 경치를 감상할 수 있습니다.,2026,1.0,3,경치,감상하다,2. 시각적 요소,볼거리 및 경관,긍정
1달 전,별표 5개,"유료 입장권을 구매하면 타워 꼭대기까지 바로 올라갈 수 있지만, 입장권 없이도 충분히 멋진 풍경을 볼 수 있습니다.",2026,1.0,4,풍경,멋지다,2. 시각적 요소,볼거리 및 경관,긍정
1달 전,별표 5개,수많은 한국 드라마에도 등장했던 상징적인 명소이기도 합니다.,2026,1.0,5,명소,등장하다,1. 전반적 인식,종합 만족도,중립
1달 전,별표 5개,수많은 한국 드라마에도 등장했던 상징적인 명소이기도 합니다.,2026,1.0,5,명소,상징적이다,1. 전반적 인식,종합 만족도,중립
1달 전,별표 5개,역대 최고의 장소,2026,1.0,1,,,,,긍정
1달 전,별표 5개,전반적으로 좋은 경험이었어요.,2026,1.0,1,경험,좋다,1. 전반적 인식,종합 만족도,긍정
1달 전,별표 5개,밤에 갔는데 케이블카 탑승까지 10~20분 정도 기다려야 했어요.,2026,1.0,2,케이블카 탑승,기다리다,5. 이용 편의성,접근 및 물리적 여건,부정
1달 전,별표 5개,"서울의 야경이 정말 멋졌고, 탑으로 가는 길에 있는 작은 자물쇠들이 더욱 인상적이었어요.",2026,1.0,3,야경,멋지다,2. 시각적 요소,볼거리 및 경관,긍정
1달 전,별표 5개,"서울의 야경이 정말 멋졌고, 탑으로 가는 길에 있는 작은 자물쇠들이 더욱 인상적이었어요.",2026,1.0,3,자물쇠,인상적이다,2. 시각적 요소,볼거리 및 경관,긍정
1달 전,별표 5개,20260113.,2026,1.0,1,,,,,중립
1달 전,별표 5개,"심플하게 저기 올라보고 싶다~라는 마음만으로 왔습니다😄

단순히 타워에서 경치를 볼 수 있을까라고 생각했지만, 음식점이나 기념품 가게, 연애의 성지 같은 장소에 다양한 사진 스포트 등이 많이 있어 즐길 수 있었습니다😄

타워에 오르기 위해서는 티켓을 구입할 필요가 있고, 자신은 앱 경유(klook)로 약 2,000엔 조금이었습니다.",2026,1.0,1,사진 스포트,다양하다,2. 시각적 요소,볼거리 및 경관,긍정
1달 전,별표 5개,"심플하게 저기 올라보고 싶다~라는 마음만으로 왔습니다😄

단순히 타워에서 경치를 볼 수 있을까라고 생각했지만, 음식점이나 기념품 가게, 연애의 성지 같은 장소에 다양한 사진 스포트 등이 많이 있어 즐길 수 있었습니다😄

타워에 오르기 위해서는 티켓을 구입할 필요가 있고, 자신은 앱 경유(klook)로 약 2,000엔 조금이었습니다.",2026,1.0,1,사진 스포트,많다,2. 시각적 요소,볼거리 및 경관,긍정
1달 전,별표 5개,"심플하게 저기 올라보고 싶다~라는 마음만으로 왔습니다😄

단순히 타워에서 경치를 볼 수 있을까라고 생각했지만, 음식점이나 기념품 가게, 연애의 성지 같은 장소에 다양한 사진 스포트 등이 많이 있어 즐길 수 있었습니다😄

타워에 오르기 위해서는 티켓을 구입할 필요가 있고, 자신은 앱 경유(klook)로 약 2,000엔 조금이었습니다.",2026,1.0,1,장소,즐기다,2. 시각적 요소,볼거리 및 경관,긍정
1달 전,별표 5개,현금이라면 조금 더 높습니다.,2026,1.0,2,현금,높다,5. 이용 편의성,접근 및 물리적 여건,중립
1달 전,별표 5개,"타워 속도, 단지 엘리베이터로 오를 뿐만 아니라 다양한 행사를 즐기면서 올라가는 스타일이었습니다!",2026,1.0,3,행사,다양하다,4. 활동 및 서비스,체험 콘텐츠,긍정
1달 전,별표 5개,"타워 속도, 단지 엘리베이터로 오를 뿐만 아니라 다양한 행사를 즐기면서 올라가는 스타일이었습니다!",2026,1.0,3,행사,즐기다,4. 활동 및 서비스,체험 콘텐츠,긍정
1달 전,별표 5개,타워 내에밖에 없는 기념품 가게나 음식점도 있습니다.,2026,1.0,4,기념품 가게,있다,4. 활동 및 서비스,체험 콘텐츠,중립
1달 전,별표 5개,타워 내에밖에 없는 기념품 가게나 음식점도 있습니다.,2026,1.0,4,음식점,있다,4. 활동 및 서비스,체험 콘텐츠,중립
1달 전,별표 5개,"최상층에서는 360도의 경치를 일망할 수 있어, 동서남북 각각에 그 방향의 앞에 있는 나라나 도시등이 쓰여져 있어 재미있었습니다 🤔
과자 코너 등도 있으므로 아이들도 즐겁게 할지도 🖐️",2026,1.0,5,경치,일망하다,2. 시각적 요소,볼거리 및 경관,긍정
1달 전,별표 5개,"최상층에서는 360도의 경치를 일망할 수 있어, 동서남북 각각에 그 방향의 앞에 있는 나라나 도시등이 쓰여져 있어 재미있었습니다 🤔
과자 코너 등도 있으므로 아이들도 즐겁게 할지도 🖐️",2026,1.0,5,나라,재미있다,4. 활동 및 서비스,체험 콘텐츠,긍정
1달 전,별표 5개,"최상층에서는 360도의 경치를 일망할 수 있어, 동서남북 각각에 그 방향의 앞에 있는 나라나 도시등이 쓰여져 있어 재미있었습니다 🤔
과자 코너 등도 있으므로 아이들도 즐겁게 할지도 🖐️",2026,1.0,5,아이들,즐겁다,4. 활동 및 서비스,체험 콘텐츠,긍정
1달 전,별표 5개,"경치가 정말 아름답네요, 환상적이에요.",2026,1.0,1,경치,아름답다,2. 시각적 요소,볼거리 및 경관,긍정
1달 전,별표 5개,"경치가 정말 아름답네요, 환상적이에요.",2026,1.0,1,경치,환상적이다,2. 시각적 요소,볼거리 및 경관,긍정
1달 전,별표 5개,"여름에 N서울타워에 갔었는데, 가족이나 연인과 함께 시간을 보내기에 좋은 곳이에요.",2026,1.0,1,곳,좋다,1. 전반적 인식,종합 만족도,긍정
1달 전,별표 5개,"피크닉 도시락을 싸서 반나절 정도 시간을 보내도 좋고, 근처에 카페와 레스토랑도 많아요.",2026,1.0,2,시간,좋다,4. 활동 및 서비스,체험 콘텐츠,긍정
1달 전,별표 5개,"피크닉 도시락을 싸서 반나절 정도 시간을 보내도 좋고, 근처에 카페와 레스토랑도 많아요.",2026,1.0,2,카페,많다,4. 활동 및 서비스,체험 콘텐츠,긍정
1달 전,별표 5개,"피크닉 도시락을 싸서 반나절 정도 시간을 보내도 좋고, 근처에 카페와 레스토랑도 많아요.",2026,1.0,2,레스토랑,많다,4. 활동 및 서비스,체험 콘텐츠,긍정
1달 전,별표 5개,"처음에는 타워 꼭대기 층에 있는 레스토랑에서 식사하려고 했는데, 마음을 바꿔서 명동에 있는 현지 맛집들을 탐방했어요.",2026,1.0,3,,,,,중립
1달 전,별표 5개,케이블카는 미리 왕복 티켓을 예매하는 걸 추천해요.,2026,1.0,4,예매,추천하다,5. 이용 편의성,접근 및 물리적 여건,긍정
1달 전,별표 5개,케이블카를 타면 타워 근처까지 금방 도착해서 걸어서 올라갈 수 있거든요.,2026,1.0,5,,,,,중립
1달 전,별표 5개,"관광버스를 타고 타워까지 간 다음, 언덕길을 걸어 올라가야 하는 방법도 있어요.",2026,1.0,6,,,,,중립
1달 전,별표 5개,저희는 저녁 6시쯤 타워에 도착해서 서울의 저녁 풍경을 감상했어요.,2026,1.0,7,,,,,중립
1달 전,별표 5개,하지만 밤에 내려오는 케이블카는 줄이 엄청 길어요.,2026,1.0,8,줄,길다,5. 이용 편의성,접근 및 물리적 여건,부정
1달 전,별표 5개,마지막 탑승을 놓치지 않도록 시간 잘 맞춰 가세요.,2026,1.0,9,,,,,중립
1달 전,별표 4개,"남산타워는 서울의 대표적인 랜드마크 중 하나로, 남산 정상에 위치한 인기 있는 전망대이자 방송탑입니다.",2026,1.0,1,전망대,인기있다,2. 시각적 요소,볼거리 및 경관,중립
1달 전,별표 4개,"특히 일몰을 감상하기에 좋은 장소이며, 정상에서는 서울 도심의 아름다운 전경을 한눈에 볼 수 있습니다.",2026,1.0,2,장소,좋다,2. 시각적 요소,볼거리 및 경관,긍정
1달 전,별표 4개,"특히 일몰을 감상하기에 좋은 장소이며, 정상에서는 서울 도심의 아름다운 전경을 한눈에 볼 수 있습니다.",2026,1.0,2,전경,아름답다,2. 시각적 요소,볼거리 및 경관,긍정
1달 전,별표 4개,하지만 특히 일몰 시간에는 매우 혼잡할 수 있으니 참고하시기 바랍니다.,2026,1.0,3,시간,혼잡하다,5. 이용 편의성,접근 및 물리적 여건,부정
1달 전,별표 5개,놀라운 장소,2026,1.0,1,장소,놀랍다,1. 전반적 인식,종합 만족도,긍정
1달 전,별표 5개,석양과 함께 도시 전경을 감상하기에 가장 좋은 장소,2026,1.0,1,장소,좋다,2. 시각적 요소,볼거리 및 경관,긍정
1달 전,별표 5개,적극 추천합니다,2026,1.0,1,,,,,긍정
1달 전,별표 5개,"지상 입장료는 무료이며, 인천에서 남산까지 이어지는 남산 등산로는 겨울에는 꽤 힘들지만 정상에 오르면 엄청난 만족감을 선사합니다!",2026,1.0,1,등산로,힘들다,5. 이용 편의성,접근 및 물리적 여건,부정
1달 전,별표 5개,"지상 입장료는 무료이며, 인천에서 남산까지 이어지는 남산 등산로는 겨울에는 꽤 힘들지만 정상에 오르면 엄청난 만족감을 선사합니다!",2026,1.0,1,만족감,선사하다,1. 전반적 인식,종합 만족도,긍정
1달 전,별표 5개,"정상에서 바라보는 환상적인 전망과 전통 숯불 감자 꼬치, 어묵 꼬치는 최고의 경험을 완성시켜 줍니다.",2026,1.0,2,전망,환상적이다,2. 시각적 요소,볼거리 및 경관,긍정
1달 전,별표 5개,"정상에서 바라보는 환상적인 전망과 전통 숯불 감자 꼬치, 어묵 꼬치는 최고의 경험을 완성시켜 줍니다.",2026,1.0,2,경험,완성시키다,1. 전반적 인식,종합 만족도,긍정
1달 전,별표 5개,시간 낭비하지 마세요.,2026,1.0,1,시간,낭비하다,1. 전반적 인식,종합 만족도,부정
1달 전,별표 5개,서울 관광버스를 타고 이곳에 오셔서 서울의 다른 곳들도 둘러보세요.,2026,1.0,2,,,,,중립
1달 전,별표 5개,맛있는 음식점도 많습니다.,2026,1.0,3,음식점,맛있다,4. 활동 및 서비스,체험 콘텐츠,긍정
1달 전,별표 5개,맛있는 음식점도 많습니다.,2026,1.0,3,음식점,많다,4. 활동 및 서비스,체험 콘텐츠,긍정
1달 전,별표 5개,"남산타워는 서울에 온 사람이라면 꼭 방문해야 할 곳이며, 찾아가기도 쉽습니다.",2026,1.0,1,곳,방문하다,1. 전반적 인식,종합 만족도,긍정
1달 전,별표 5개,"남산타워는 서울에 온 사람이라면 꼭 방문해야 할 곳이며, 찾아가기도 쉽습니다.",2026,1.0,1,찾아가기,쉽다,5. 이용 편의성,접근 및 물리적 여건,긍정
1달 전,별표 5개,📍 남산타워는 대한민국 서울 남산에 위치한 주요 랜드마크입니다.,2026,1.0,1,,,,,중립
1달 전,별표 5개,서울 시내를 360도로 조망할 수 있는 파노라마 뷰가 가장 큰 매력입니다.,2026,1.0,2,뷰,크다,2. 시각적 요소,볼거리 및 경관,긍정
1달 전,별표 5개,"📍 정상에서는 사진 촬영과 전망 감상 외에도 사랑의 자물쇠 구역, 상점, 레스토랑 등 다양한 즐길 거리가 마련되어 있습니다.",2026,1.0,3,거리,다양하다,4. 활동 및 서비스,체험 콘텐츠,긍정
1달 전,별표 5개,"📍 정상에서는 사진 촬영과 전망 감상 외에도 사랑의 자물쇠 구역, 상점, 레스토랑 등 다양한 즐길 거리가 마련되어 있습니다.",2026,1.0,3,거리,마련되다,4. 활동 및 서비스,체험 콘텐츠,긍정
1달 전,별표 5개,"📍 남산케이블카(유료)를 이용하면 타워 하단까지 내려갈 수 있으며, 좀 더 여유롭게 하이킹 코스를 따라 걸어 내려갈 수도 있습니다.",2026,1.0,4,코스,여유롭다,4. 활동 및 서비스,체험 콘텐츠,중립
1달 전,별표 5개,"💰 성인:
왕복: 14,000~15,000원
편도: 11,000~12,000원
💰 어린이:
왕복: 10,500~11,500원
편도: 8,000~9,000원

✅ 영업시간:
월요일~금요일: 오전 10시 30분~오후 10시 30분
토요일~일요일: 오전 10시~오후 11시",2026,1.0,5,,,,,중립
1달 전,별표 4개,위치가 정말 좋았어요.,2026,1.0,1,위치,좋다,5. 이용 편의성,접근 및 물리적 여건,긍정
1달 전,별표 4개,케이블카를 타고 올라갔지만 걸어서도 충분히 갈 수 있어요.,2026,1.0,2,,,,,중립
1달 전,별표 4개,"정상까지는 추가 요금이 있어서 올라가지는 않았지만, 아래에서 보는 전망도 꽤 괜찮았어요.",2026,1.0,3,전망,괜찮다,2. 시각적 요소,볼거리 및 경관,긍정
1달 전,별표 5개,주변의 멋진 경치를 감상하세요.,2026,1.0,1,경치,멋지다,2. 시각적 요소,볼거리 및 경관,긍정
1달 전,별표 5개,정말 놀라웠어요,2026,1.0,1,,,,,긍정
1달 전,별표 5개,"케이블카를 타고 올라갔는데, 숲길로 걸어가는 사람들도 있었지만 경사가 꽤 가팔랐어요.",2026,1.0,1,경사,가파르다,5. 이용 편의성,접근 및 물리적 여건,부정
1달 전,별표 5개,저녁 시간이었는데도 케이블카를 타려고 30~45분이나 줄을 서서 기다렸어요 (가는 길은 괜찮았는데 말이죠).,2026,1.0,2,길,괜찮다,5. 이용 편의성,접근 및 물리적 여건,중립
1달 전,별표 5개,케이블카를 좀 더 일찍 타고 정상까지 올라가서 숲길로 걸어 내려오는 게 나을 것 같아요.,2026,1.0,3,,,,,중립
1달 전,별표 5개,👌🏻 정상에서 보는 도시 전망은 정말 아름다웠어요.,2026,1.0,4,전망,아름답다,2. 시각적 요소,볼거리 및 경관,긍정
1달 전,별표 5개,하지만 굳이 탑에 올라갈 필요는 없을 것 같아요.,2026,1.0,5,,,,,부정
1달 전,별표 5개,탑 앞쪽 경치가 이미 충분히 멋지거든요.…,2026,1.0,6,경치,멋지다,2. 시각적 요소,볼거리 및 경관,긍정
1달 전,별표 5개,멋진 전망!,2026,1.0,1,전망,멋지다,2. 시각적 요소,볼거리 및 경관,긍정
1달 전,별표 4개,제 생각에 이곳은 그냥 체크리스트를 따라가는 곳 같아요.,2026,1.0,1,,,,,부정
1달 전,별표 4개,"올라가는 길이 너무 멀고, 버스가 있긴 하지만 오래 걸리고 붐벼요.",2026,1.0,2,길,멀다,5. 이용 편의성,접근 및 물리적 여건,부정
1달 전,별표 4개,"올라가는 길이 너무 멀고, 버스가 있긴 하지만 오래 걸리고 붐벼요.",2026,1.0,2,버스,걸리다,5. 이용 편의성,접근 및 물리적 여건,부정
1달 전,별표 4개,"올라가는 길이 너무 멀고, 버스가 있긴 하지만 오래 걸리고 붐벼요.",2026,1.0,2,버스,붐비다,5. 이용 편의성,접근 및 물리적 여건,부정
1달 전,별표 4개,기본적으로 여기 오려면 오르막길을 많이 올라야 하니까 발이 무거울 수 있으니 마음의 준비를 단단히 하세요.,2026,1.0,3,발,무겁다,5. 이용 편의성,접근 및 물리적 여건,부정
1달 전,별표 5개,"이곳은 관광 명소로 여겨지니, 이곳에 오시면 꼭 방문해야 할 곳입니다.",2026,1.0,1,,,,,긍정
1달 전,별표 5개,조금 춥긴 하지만 버스로 가기에 아주 편리합니다.,2026,1.0,2,버스,편리하다,5. 이용 편의성,접근 및 물리적 여건,긍정
1달 전,별표 5개,서울에 오시면 꼭 가봐야 할 곳입니다.,2026,1.0,1,,,,,긍정
1달 전,별표 5개,특히 해 질 무렵에 가시면 야경이 정말 멋집니다.,2026,1.0,2,야경,멋지다,2. 시각적 요소,볼거리 및 경관,긍정
1달 전,별표 5개,다만 밤에는 조금 쌀쌀할 수 있으니 겉옷을 챙기시는 게 좋습니다.,2026,1.0,3,밤,쌀쌀하다,5. 이용 편의성,접근 및 물리적 여건,중립
1달 전,별표 5개,도시의 아름다운 전망,2026,1.0,1,전망,아름답다,2. 시각적 요소,볼거리 및 경관,긍정
1달 전,별표 5개,'언다잉 러브' 자물쇠를 샀어요.,2026,1.0,1,,,,,중립
1달 전,별표 5개,헤헤헤.,2026,1.0,2,,,,,긍정
1달 전,별표 5개,좋은 경험이었어요.,2026,1.0,3,경험,좋다,1. 전반적 인식,종합 만족도,긍정
1달 전,별표 5개,아울 커틀릿 레스토랑도 한번 가보세요.,2026,1.0,4,,,,,긍정
1달 전,별표 5개,음식 정말 맛있고 가격도 괜찮아요.,2026,1.0,5,음식,맛있다,4. 활동 및 서비스,체험 콘텐츠,긍정
1달 전,별표 5개,음식 정말 맛있고 가격도 괜찮아요.,2026,1.0,5,가격,괜찮다,5. 이용 편의성,접근 및 물리적 여건,긍정
1달 전,별표 4개,흥미로운 곳이에요.,2026,1.0,1,곳,흥미롭다,1. 전반적 인식,종합 만족도,긍정
1달 전,별표 4개,저희는 특히 봉화 점화식을 보러 왔어요.,2026,1.0,2,,,,,중립
1달 전,별표 4개,봉화는 탑 바로 아래에 있어요.,2026,1.0,3,,,,,중립
1달 전,별표 4개,매일(월요일 제외) 11시에 수비병들이 나와서 순찰을 돌아요.,2026,1.0,4,,,,,중립
1달 전,별표 4개,"그때부터 수비병들과 사진을 찍을 수 있지만, 거리를 유지해 주세요.",2026,1.0,5,,,,,중립
1달 전,별표 4개,실제 점화식은 11시 50분이나 12시쯤 시작해요.,2026,1.0,6,,,,,중립
1달 전,별표 4개,멋지긴 하지만 경복궁 수비교식보다는 규모가 훨씬 작아요.,2026,1.0,7,규모,작다,2. 시각적 요소,볼거리 및 경관,부정
1달 전,별표 5개,이곳을 방문하기 가장 좋은 시기는 겨울입니다.,2026,1.0,1,시기,좋다,5. 이용 편의성,접근 및 물리적 여건,중립
1달 전,별표 5개,붉은색과 금색 단풍이 어우러져 마치 스튜디오 지브리 애니메이션 속으로 들어온 듯한 마법 같은 분위기를 자아냅니다.,2026,1.0,2,단풍,어우러지다,2. 시각적 요소,볼거리 및 경관,긍정
1달 전,별표 5개,붉은색과 금색 단풍이 어우러져 마치 스튜디오 지브리 애니메이션 속으로 들어온 듯한 마법 같은 분위기를 자아냅니다.,2026,1.0,2,분위기,자아내다,2. 시각적 요소,볼거리 및 경관,긍정
1달 전,별표 5개,훌륭해요!,2026,1.0,1,,,,,긍정
1달 전,별표 5개,그들이 드라마 촬영하는 걸 봤어요!,2026,1.0,2,,,,,중립
1달 전,별표 5개,서울의 멋진 전경을 감상하기에 아주 좋은 곳입니다.,2026,1.0,1,전경,멋지다,2. 시각적 요소,볼거리 및 경관,긍정
1달 전,별표 5개,서울의 멋진 전경을 감상하기에 아주 좋은 곳입니다.,2026,1.0,1,곳,좋다,2. 시각적 요소,볼거리 및 경관,긍정
1달 전,별표 5개,다른 세계적인 전망대에 비해 입장료도 비교적 저렴합니다.,2026,1.0,2,입장료,저렴하다,5. 이용 편의성,접근 및 물리적 여건,긍정
1달 전,별표 5개,주변에 음식점과 기념품 가게도 많습니다.,2026,1.0,3,음식점,많다,4. 활동 및 서비스,체험 콘텐츠,중립
1달 전,별표 5개,주변에 음식점과 기념품 가게도 많습니다.,2026,1.0,3,가게,많다,4. 활동 및 서비스,체험 콘텐츠,중립
1달 전,별표 5개,남산에서 바라본 서울의 전경,2026,1.0,1,,,,,중립
1달 전,별표 4개,위치와 조명이 좋습니다,2026,1.0,1,위치,좋다,5. 이용 편의성,접근 및 물리적 여건,긍정
1달 전,별표 4개,위치와 조명이 좋습니다,2026,1.0,1,조명,좋다,2. 시각적 요소,볼거리 및 경관,긍정
1달 전,별표 4개,"날씨가 너무 추워서 케이블카를 탔지만, 봄에는 걸어갈 수 있는 길이라고 하네요.",2026,1.0,1,날씨,춥다,5. 이용 편의성,접근 및 물리적 여건,부정
1달 전,별표 4개,저희는 타워 꼭대기까지는 올라가지 않았어요.,2026,1.0,2,,,,,중립
1달 전,별표 4개,어차피 꼭대기에서 서울 시내 전체를 볼 수 있으니까요.,2026,1.0,3,,,,,중립
1달 전,별표 5개,저는 다른 많은 사람들과 함께 올해 첫 일출을 감상했습니다.,2026,1.0,1,,,,,중립
1달 전,별표 5개,저는 매주 이 산을 오릅니다.,2026,1.0,1,,,,,중립
1달 전,별표 5개,여기 있는 거의 모든 게 마음에 들어요!,2026,1.0,2,게,마음에 들다,1. 전반적 인식,종합 만족도,긍정
1달 전,별표 5개,"걸어 올라가는 수고가 아깝지 않고, 그만큼 더 만족스러운 경험이 됩니다 😎…",2026,1.0,1,수고,아깝다,5. 이용 편의성,접근 및 물리적 여건,긍정
1달 전,별표 5개,"걸어 올라가는 수고가 아깝지 않고, 그만큼 더 만족스러운 경험이 됩니다 😎…",2026,1.0,1,경험,만족스럽다,1. 전반적 인식,종합 만족도,긍정
1달 전,별표 5개,이곳은 정말 좋아요 | 높은 곳에 있어서 드나들려면 꽤 걸어야 해요 | 항상 다양한 활동이 있고 레스토랑도 있어요 | 사람들이 운동하러 자주 와요.,2026,1.0,1,이곳,좋다,1. 전반적 인식,종합 만족도,긍정
1달 전,별표 5개,이곳은 정말 좋아요 | 높은 곳에 있어서 드나들려면 꽤 걸어야 해요 | 항상 다양한 활동이 있고 레스토랑도 있어요 | 사람들이 운동하러 자주 와요.,2026,1.0,1,곳,높다,5. 이용 편의성,접근 및 물리적 여건,부정
1달 전,별표 5개,이곳은 정말 좋아요 | 높은 곳에 있어서 드나들려면 꽤 걸어야 해요 | 항상 다양한 활동이 있고 레스토랑도 있어요 | 사람들이 운동하러 자주 와요.,2026,1.0,1,활동,다양하다,4. 활동 및 서비스,체험 콘텐츠,긍정
1달 전,별표 4개,남산타워 방문은 정말 멋진 경험이었어요!,2026,1.0,1,경험,멋지다,1. 전반적 인식,종합 만족도,긍정
1달 전,별표 4개,서울의 멋진 전망을 감상할 수 있었거든요!,2026,1.0,2,전망,멋지다,2. 시각적 요소,볼거리 및 경관,긍정
1달 전,별표 4개,정말 최고였어요.,2026,1.0,3,,,,,긍정
1달 전,별표 4개,"대기오염 때문에 약간 안개가 꼈지만, 서울은 워낙 밝은 도시라 아름다운 야경을 볼 수 있었어요.",2026,1.0,4,도시,밝다,2. 시각적 요소,볼거리 및 경관,중립
1달 전,별표 4개,"대기오염 때문에 약간 안개가 꼈지만, 서울은 워낙 밝은 도시라 아름다운 야경을 볼 수 있었어요.",2026,1.0,4,야경,아름답다,2. 시각적 요소,볼거리 및 경관,긍정
1달 전,별표 4개,아쉬운 점은 곤돌라와 엘리베이터 티켓을 두 장씩 구매해야 한다는 거예요.,2026,1.0,5,점,아쉽다,5. 이용 편의성,접근 및 물리적 여건,부정
1달 전,별표 4개,그래도 충분히 가볼 만한 가치가 있었어요!,2026,1.0,6,가치,있다,1. 전반적 인식,종합 만족도,긍정
